"years","TotalHIVtests_baseline","TotalHIVtests_2025","TotalHIVtests_2030","TotalHIVtests_2035","TotalHIVtests_2040","TotalHIVtests_2045","TotalHIVtests_2050","TotalHIVtests_2055","TotalHIVtests_2060","TotalHIVtests_2065","TotalNewHIV_baseline","TotalNewHIV_2025","TotalNewHIV_2030","TotalNewHIV_2035","TotalNewHIV_2040","TotalNewHIV_2045","TotalNewHIV_2050","TotalNewHIV_2055","TotalNewHIV_2060","TotalNewHIV_2065","LYlostAIDS_baseline","LYlostAIDS_2025","LYlostAIDS_2030","LYlostAIDS_2035","LYlostAIDS_2040","LYlostAIDS_2045","LYlostAIDS_2050","LYlostAIDS_2055","LYlostAIDS_2060","LYlostAIDS_2065","AIDSdeathsAdultM_baseline","AIDSdeathsAdultM_2025","AIDSdeathsAdultM_2030","AIDSdeathsAdultM_2035","AIDSdeathsAdultM_2040","AIDSdeathsAdultM_2045","AIDSdeathsAdultM_2050","AIDSdeathsAdultM_2055","AIDSdeathsAdultM_2060","AIDSdeathsAdultM_2065","AIDSdeathsAdultF_baseline","AIDSdeathsAdultF_2025","AIDSdeathsAdultF_2030","AIDSdeathsAdultF_2035","AIDSdeathsAdultF_2040","AIDSdeathsAdultF_2045","AIDSdeathsAdultF_2050","AIDSdeathsAdultF_2055","AIDSdeathsAdultF_2060","AIDSdeathsAdultF_2065","DiagnosedHIV_M_baseline","DiagnosedHIV_M_2025","DiagnosedHIV_M_2030","DiagnosedHIV_M_2035","DiagnosedHIV_M_2040","DiagnosedHIV_M_2045","DiagnosedHIV_M_2050","DiagnosedHIV_M_2055","DiagnosedHIV_M_2060","DiagnosedHIV_M_2065","DiagnosedHIV_F_baseline","DiagnosedHIV_F_2025","DiagnosedHIV_F_2030","DiagnosedHIV_F_2035","DiagnosedHIV_F_2040","DiagnosedHIV_F_2045","DiagnosedHIV_F_2050","DiagnosedHIV_F_2055","DiagnosedHIV_F_2060","DiagnosedHIV_F_2065","Number1stHIVtestsPos_baseline","Number1stHIVtestsPos_2025","Number1stHIVtestsPos_2030","Number1stHIVtestsPos_2035","Number1stHIVtestsPos_2040","Number1stHIVtestsPos_2045","Number1stHIVtestsPos_2050","Number1stHIVtestsPos_2055","Number1stHIVtestsPos_2060","Number1stHIVtestsPos_2065","StartingARTtot_baseline","StartingARTtot_2025","StartingARTtot_2030","StartingARTtot_2035","StartingARTtot_2040","StartingARTtot_2045","StartingARTtot_2050","StartingARTtot_2055","StartingARTtot_2060","StartingARTtot_2065","Prop1stHIVtestsPos_baseline","Prop1stHIVtestsPos_2025","Prop1stHIVtestsPos_2030","Prop1stHIVtestsPos_2035","Prop1stHIVtestsPos_2040","Prop1stHIVtestsPos_2045","Prop1stHIVtestsPos_2050","Prop1stHIVtestsPos_2055","Prop1stHIVtestsPos_2060","Prop1stHIVtestsPos_2065","NewDiagnosesPregnancy_baseline","NewDiagnosesPregnancy_2025","NewDiagnosesPregnancy_2030","NewDiagnosesPregnancy_2035","NewDiagnosesPregnancy_2040","NewDiagnosesPregnancy_2045","NewDiagnosesPregnancy_2050","NewDiagnosesPregnancy_2055","NewDiagnosesPregnancy_2060","NewDiagnosesPregnancy_2065","TotalAIDSdeathsAdult_baseline","TotalAIDSdeathsAdult_2025","TotalAIDSdeathsAdult_2030","TotalAIDSdeathsAdult_2035","TotalAIDSdeathsAdult_2040","TotalAIDSdeathsAdult_2045","TotalAIDSdeathsAdult_2050","TotalAIDSdeathsAdult_2055","TotalAIDSdeathsAdult_2060","TotalAIDSdeathsAdult_2065"
1985,10.0119,10.0119,10.0119,10.0119,10.0119,10.0119,10.0119,10.0119,10.0119,10.0119,2197.8,2197.8,2197.8,2197.8,2197.8,2197.8,2197.8,2197.8,2197.8,2197.8,1236.16,1236.16,1236.16,1236.16,1236.16,1236.16,1236.16,1236.16,1236.16,1236.16,1.10431,1.10431,1.10431,1.10431,1.10431,1.10431,1.10431,1.10431,1.10431,1.10431,1.07638,1.07638,1.07638,1.07638,1.07638,1.07638,1.07638,1.07638,1.07638,1.07638,0,0,0,0,0,0,0,0,0,0,0,0,0,0,0,0,0,0,0,0,9.27252,9.27252,9.27252,9.27252,9.27252,9.27252,9.27252,9.27252,9.27252,9.27252,0,0,0,0,0,0,0,0,0,0,0.926151,0.926151,0.926151,0.926151,0.926151,0.926151,0.926151,0.926151,0.926151,0.926151,0,0,0,0,0,0,0,0,0,0,2.18069,2.18069,2.18069,2.18069,2.18069,2.18069,2.18069,2.18069,2.18069,2.18069
1986,31.2943,31.2943,31.2943,31.2943,31.2943,31.2943,31.2943,31.2943,31.2943,31.2943,8334.46,8334.46,8334.46,8334.46,8334.46,8334.46,8334.46,8334.46,8334.46,8334.46,5883.71,5883.71,5883.71,5883.71,5883.71,5883.71,5883.71,5883.71,5883.71,5883.71,10.1993,10.1993,10.1993,10.1993,10.1993,10.1993,10.1993,10.1993,10.1993,10.1993,9.25977,9.25977,9.25977,9.25977,9.25977,9.25977,9.25977,9.25977,9.25977,9.25977,4.17955,4.17955,4.17955,4.17955,4.17955,4.17955,4.17955,4.17955,4.17955,4.17955,5.03447,5.03447,5.03447,5.03447,5.03447,5.03447,5.03447,5.03447,5.03447,5.03447,26.0187,26.0187,26.0187,26.0187,26.0187,26.0187,26.0187,26.0187,26.0187,26.0187,0,0,0,0,0,0,0,0,0,0,0.831421,0.831421,0.831421,0.831421,0.831421,0.831421,0.831421,0.831421,0.831421,0.831421,0,0,0,0,0,0,0,0,0,0,19.45907,19.45907,19.45907,19.45907,19.45907,19.45907,19.45907,19.45907,19.45907,19.45907
1987,91.5963,91.5963,91.5963,91.5963,91.5963,91.5963,91.5963,91.5963,91.5963,91.5963,21818.1,21818.1,21818.1,21818.1,21818.1,21818.1,21818.1,21818.1,21818.1,21818.1,16735.7,16735.7,16735.7,16735.7,16735.7,16735.7,16735.7,16735.7,16735.7,16735.7,41.2548,41.2548,41.2548,41.2548,41.2548,41.2548,41.2548,41.2548,41.2548,41.2548,32.4877,32.4877,32.4877,32.4877,32.4877,32.4877,32.4877,32.4877,32.4877,32.4877,16.913,16.913,16.913,16.913,16.913,16.913,16.913,16.913,16.913,16.913,17.7761,17.7761,17.7761,17.7761,17.7761,17.7761,17.7761,17.7761,17.7761,17.7761,74.978,74.978,74.978,74.978,74.978,74.978,74.978,74.978,74.978,74.978,0,0,0,0,0,0,0,0,0,0,0.81857,0.81857,0.81857,0.81857,0.81857,0.81857,0.81857,0.81857,0.81857,0.81857,0,0,0,0,0,0,0,0,0,0,73.7425,73.7425,73.7425,73.7425,73.7425,73.7425,73.7425,73.7425,73.7425,73.7425
1988,236.004,236.004,236.004,236.004,236.004,236.004,236.004,236.004,236.004,236.004,44999.2,44999.2,44999.2,44999.2,44999.2,44999.2,44999.2,44999.2,44999.2,44999.2,43274.4,43274.4,43274.4,43274.4,43274.4,43274.4,43274.4,43274.4,43274.4,43274.4,132.732,132.732,132.732,132.732,132.732,132.732,132.732,132.732,132.732,132.732,90.6215,90.6215,90.6215,90.6215,90.6215,90.6215,90.6215,90.6215,90.6215,90.6215,55.3419,55.3419,55.3419,55.3419,55.3419,55.3419,55.3419,55.3419,55.3419,55.3419,51.621,51.621,51.621,51.621,51.621,51.621,51.621,51.621,51.621,51.621,195.968,195.968,195.968,195.968,195.968,195.968,195.968,195.968,195.968,195.968,0,0,0,0,0,0,0,0,0,0,0.83036,0.83036,0.83036,0.83036,0.83036,0.83036,0.83036,0.83036,0.83036,0.83036,0,0,0,0,0,0,0,0,0,0,223.3535,223.3535,223.3535,223.3535,223.3535,223.3535,223.3535,223.3535,223.3535,223.3535
1989,531.325,531.325,531.325,531.325,531.325,531.325,531.325,531.325,531.325,531.325,77705.1,77705.1,77705.1,77705.1,77705.1,77705.1,77705.1,77705.1,77705.1,77705.1,100054,100054,100054,100054,100054,100054,100054,100054,100054,100054,368.592,368.592,368.592,368.592,368.592,368.592,368.592,368.592,368.592,368.592,231.979,231.979,231.979,231.979,231.979,231.979,231.979,231.979,231.979,231.979,156.813,156.813,156.813,156.813,156.813,156.813,156.813,156.813,156.813,156.813,136.601,136.601,136.601,136.601,136.601,136.601,136.601,136.601,136.601,136.601,450.349,450.349,450.349,450.349,450.349,450.349,450.349,450.349,450.349,450.349,0,0,0,0,0,0,0,0,0,0,0.847595,0.847595,0.847595,0.847595,0.847595,0.847595,0.847595,0.847595,0.847595,0.847595,0,0,0,0,0,0,0,0,0,0,600.571,600.571,600.571,600.571,600.571,600.571,600.571,600.571,600.571,600.571
1990,1065.5,1065.5,1065.5,1065.5,1065.5,1065.5,1065.5,1065.5,1065.5,1065.5,118969,118969,118969,118969,118969,118969,118969,118969,118969,118969,206196,206196,206196,206196,206196,206196,206196,206196,206196,206196,887.748,887.748,887.748,887.748,887.748,887.748,887.748,887.748,887.748,887.748,548.516,548.516,548.516,548.516,548.516,548.516,548.516,548.516,548.516,548.516,386.168,386.168,386.168,386.168,386.168,386.168,386.168,386.168,386.168,386.168,329.586,329.586,329.586,329.586,329.586,329.586,329.586,329.586,329.586,329.586,918.966,918.966,918.966,918.966,918.966,918.966,918.966,918.966,918.966,918.966,0,0,0,0,0,0,0,0,0,0,0.862475,0.862475,0.862475,0.862475,0.862475,0.862475,0.862475,0.862475,0.862475,0.862475,0,0,0,0,0,0,0,0,0,0,1436.264,1436.264,1436.264,1436.264,1436.264,1436.264,1436.264,1436.264,1436.264,1436.264
1991,126762,126762,126762,126762,126762,126762,126762,126762,126762,126762,170347,170347,170347,170347,170347,170347,170347,170347,170347,170347,386353,386353,386353,386353,386353,386353,386353,386353,386353,386353,1874.12,1874.12,1874.12,1874.12,1874.12,1874.12,1874.12,1874.12,1874.12,1874.12,1196.71,1196.71,1196.71,1196.71,1196.71,1196.71,1196.71,1196.71,1196.71,1196.71,838.835,838.835,838.835,838.835,838.835,838.835,838.835,838.835,838.835,838.835,731.115,731.115,731.115,731.115,731.115,731.115,731.115,731.115,731.115,731.115,3678.36,3678.36,3678.36,3678.36,3678.36,3678.36,3678.36,3678.36,3678.36,3678.36,0,0,0,0,0,0,0,0,0,0,0.0290178,0.0290178,0.0290178,0.0290178,0.0290178,0.0290178,0.0290178,0.0290178,0.0290178,0.0290178,0,0,0,0,0,0,0,0,0,0,3070.83,3070.83,3070.83,3070.83,3070.83,3070.83,3070.83,3070.83,3070.83,3070.83
1992,253661,253661,253661,253661,253661,253661,253661,253661,253661,253661,231582,231582,231582,231582,231582,231582,231582,231582,231582,231582,671617,671617,671617,671617,671617,671617,671617,671617,671617,671617,3575.39,3575.39,3575.39,3575.39,3575.39,3575.39,3575.39,3575.39,3575.39,3575.39,2389.7,2389.7,2389.7,2389.7,2389.7,2389.7,2389.7,2389.7,2389.7,2389.7,2520.21,2520.21,2520.21,2520.21,2520.21,2520.21,2520.21,2520.21,2520.21,2520.21,2611.35,2611.35,2611.35,2611.35,2611.35,2611.35,2611.35,2611.35,2611.35,2611.35,9309.86,9309.86,9309.86,9309.86,9309.86,9309.86,9309.86,9309.86,9309.86,9309.86,0,0,0,0,0,0,0,0,0,0,0.036702,0.036702,0.036702,0.036702,0.036702,0.036702,0.036702,0.036702,0.036702,0.036702,0,0,0,0,0,0,0,0,0,0,5965.09,5965.09,5965.09,5965.09,5965.09,5965.09,5965.09,5965.09,5965.09,5965.09
1993,380795,380795,380795,380795,380795,380795,380795,380795,380795,380795,297648,297648,297648,297648,297648,297648,297648,297648,297648,297648,1089700,1089700,1089700,1089700,1089700,1089700,1089700,1089700,1089700,1089700,6215.51,6215.51,6215.51,6215.51,6215.51,6215.51,6215.51,6215.51,6215.51,6215.51,4396.61,4396.61,4396.61,4396.61,4396.61,4396.61,4396.61,4396.61,4396.61,4396.61,6577.64,6577.64,6577.64,6577.64,6577.64,6577.64,6577.64,6577.64,6577.64,6577.64,7587.86,7587.86,7587.86,7587.86,7587.86,7587.86,7587.86,7587.86,7587.86,7587.86,18601.7,18601.7,18601.7,18601.7,18601.7,18601.7,18601.7,18601.7,18601.7,18601.7,0,0,0,0,0,0,0,0,0,0,0.0488496,0.0488496,0.0488496,0.0488496,0.0488496,0.0488496,0.0488496,0.0488496,0.0488496,0.0488496,0,0,0,0,0,0,0,0,0,0,10612.12,10612.12,10612.12,10612.12,10612.12,10612.12,10612.12,10612.12,10612.12,10612.12
1994,508012,508012,508012,508012,508012,508012,508012,508012,508012,508012,362485,362485,362485,362485,362485,362485,362485,362485,362485,362485,1664400,1664400,1664400,1664400,1664400,1664400,1664400,1664400,1664400,1664400,10014.4,10014.4,10014.4,10014.4,10014.4,10014.4,10014.4,10014.4,10014.4,10014.4,7533.62,7533.62,7533.62,7533.62,7533.62,7533.62,7533.62,7533.62,7533.62,7533.62,14340.4,14340.4,14340.4,14340.4,14340.4,14340.4,14340.4,14340.4,14340.4,14340.4,17778.6,17778.6,17778.6,17778.6,17778.6,17778.6,17778.6,17778.6,17778.6,17778.6,32141.3,32141.3,32141.3,32141.3,32141.3,32141.3,32141.3,32141.3,32141.3,32141.3,0,0,0,0,0,0,0,0,0,0,0.0632689,0.0632689,0.0632689,0.0632689,0.0632689,0.0632689,0.0632689,0.0632689,0.0632689,0.0632689,0,0,0,0,0,0,0,0,0,0,17548.02,17548.02,17548.02,17548.02,17548.02,17548.02,17548.02,17548.02,17548.02,17548.02
1995,635197,635197,635197,635197,635197,635197,635197,635197,635197,635197,420357,420357,420357,420357,420357,420357,420357,420357,420357,420357,2411930,2411930,2411930,2411930,2411930,2411930,2411930,2411930,2411930,2411930,15152.9,15152.9,15152.9,15152.9,15152.9,15152.9,15152.9,15152.9,15152.9,15152.9,12139.3,12139.3,12139.3,12139.3,12139.3,12139.3,12139.3,12139.3,12139.3,12139.3,27190.6,27190.6,27190.6,27190.6,27190.6,27190.6,27190.6,27190.6,27190.6,27190.6,35642.6,35642.6,35642.6,35642.6,35642.6,35642.6,35642.6,35642.6,35642.6,35642.6,50027.2,50027.2,50027.2,50027.2,50027.2,50027.2,50027.2,50027.2,50027.2,50027.2,0,0,0,0,0,0,0,0,0,0,0.0787585,0.0787585,0.0787585,0.0787585,0.0787585,0.0787585,0.0787585,0.0787585,0.0787585,0.0787585,0,0,0,0,0,0,0,0,0,0,27292.2,27292.2,27292.2,27292.2,27292.2,27292.2,27292.2,27292.2,27292.2,27292.2
1996,762242,762242,762242,762242,762242,762242,762242,762242,762242,762242,467745,467745,467745,467745,467745,467745,467745,467745,467745,467745,3332530,3332530,3332530,3332530,3332530,3332530,3332530,3332530,3332530,3332530,21745.9,21745.9,21745.9,21745.9,21745.9,21745.9,21745.9,21745.9,21745.9,21745.9,18537.5,18537.5,18537.5,18537.5,18537.5,18537.5,18537.5,18537.5,18537.5,18537.5,46346.7,46346.7,46346.7,46346.7,46346.7,46346.7,46346.7,46346.7,46346.7,46346.7,63629.8,63629.8,63629.8,63629.8,63629.8,63629.8,63629.8,63629.8,63629.8,63629.8,71768.8,71768.8,71768.8,71768.8,71768.8,71768.8,71768.8,71768.8,71768.8,71768.8,0,0,0,0,0,0,0,0,0,0,0.0941549,0.0941549,0.0941549,0.0941549,0.0941549,0.0941549,0.0941549,0.0941549,0.0941549,0.0941549,0,0,0,0,0,0,0,0,0,0,40283.4,40283.4,40283.4,40283.4,40283.4,40283.4,40283.4,40283.4,40283.4,40283.4
1997,889247,889247,889247,889247,889247,889247,889247,889247,889247,889247,499214,499214,499214,499214,499214,499214,499214,499214,499214,499214,4432890,4432890,4432890,4432890,4432890,4432890,4432890,4432890,4432890,4432890,29530.8,29530.8,29530.8,29530.8,29530.8,29530.8,29530.8,29530.8,29530.8,29530.8,26746.4,26746.4,26746.4,26746.4,26746.4,26746.4,26746.4,26746.4,26746.4,26746.4,71812.2,71812.2,71812.2,71812.2,71812.2,71812.2,71812.2,71812.2,71812.2,71812.2,102597,102597,102597,102597,102597,102597,102597,102597,102597,102597,95993.1,95993.1,95993.1,95993.1,95993.1,95993.1,95993.1,95993.1,95993.1,95993.1,0,0,0,0,0,0,0,0,0,0,0.107949,0.107949,0.107949,0.107949,0.107949,0.107949,0.107949,0.107949,0.107949,0.107949,0,0,0,0,0,0,0,0,0,0,56277.2,56277.2,56277.2,56277.2,56277.2,56277.2,56277.2,56277.2,56277.2,56277.2
1998,1016050,1016050,1016050,1016050,1016050,1016050,1016050,1016050,1016050,1016050,519880,519880,519880,519880,519880,519880,519880,519880,519880,519880,5653760,5653760,5653760,5653760,5653760,5653760,5653760,5653760,5653760,5653760,38529.1,38529.1,38529.1,38529.1,38529.1,38529.1,38529.1,38529.1,38529.1,38529.1,36981,36981,36981,36981,36981,36981,36981,36981,36981,36981,104190,104190,104190,104190,104190,104190,104190,104190,104190,104190,154205,154205,154205,154205,154205,154205,154205,154205,154205,154205,121691,121691,121691,121691,121691,121691,121691,121691,121691,121691,0,0,0,0,0,0,0,0,0,0,0.119769,0.119769,0.119769,0.119769,0.119769,0.119769,0.119769,0.119769,0.119769,0.119769,0,0,0,0,0,0,0,0,0,0,75510.1,75510.1,75510.1,75510.1,75510.1,75510.1,75510.1,75510.1,75510.1,75510.1
1999,1142450,1142450,1142450,1142450,1142450,1142450,1142450,1142450,1142450,1142450,531742,531742,531742,531742,531742,531742,531742,531742,531742,531742,7025340,7025340,7025340,7025340,7025340,7025340,7025340,7025340,7025340,7025340,48532.4,48532.4,48532.4,48532.4,48532.4,48532.4,48532.4,48532.4,48532.4,48532.4,49209.4,49209.4,49209.4,49209.4,49209.4,49209.4,49209.4,49209.4,49209.4,49209.4,143102,143102,143102,143102,143102,143102,143102,143102,143102,143102,218506,218506,218506,218506,218506,218506,218506,218506,218506,218506,148060,148060,148060,148060,148060,148060,148060,148060,148060,148060,0,0,0,0,0,0,0,0,0,0,0.129598,0.129598,0.129598,0.129598,0.129598,0.129598,0.129598,0.129598,0.129598,0.129598,1497.81,1497.81,1497.81,1497.81,1497.81,1497.81,1497.81,1497.81,1497.81,1497.81,97741.8,97741.8,97741.8,97741.8,97741.8,97741.8,97741.8,97741.8,97741.8,97741.8
2000,1268190,1268190,1268190,1268190,1268190,1268190,1268190,1268190,1268190,1268190,533563,533563,533563,533563,533563,533563,533563,533563,533563,533563,8491710,8491710,8491710,8491710,8491710,8491710,8491710,8491710,8491710,8491710,59218.2,59218.2,59218.2,59218.2,59218.2,59218.2,59218.2,59218.2,59218.2,59218.2,63120.6,63120.6,63120.6,63120.6,63120.6,63120.6,63120.6,63120.6,63120.6,63120.6,187309,187309,187309,187309,187309,187309,187309,187309,187309,187309,295359,295359,295359,295359,295359,295359,295359,295359,295359,295359,174192,174192,174192,174192,174192,174192,174192,174192,174192,174192,7810.79,7810.79,7810.79,7810.79,7810.79,7810.79,7810.79,7810.79,7810.79,7810.79,0.137355,0.137355,0.137355,0.137355,0.137355,0.137355,0.137355,0.137355,0.137355,0.137355,5058.72,5058.72,5058.72,5058.72,5058.72,5058.72,5058.72,5058.72,5058.72,5058.72,122338.8,122338.8,122338.8,122338.8,122338.8,122338.8,122338.8,122338.8,122338.8,122338.8
2001,1393490,1393490,1393490,1393490,1393490,1393490,1393490,1393490,1393490,1393490,528450,528450,528450,528450,528450,528450,528450,528450,528450,528450,9817060,9817060,9817060,9817060,9817060,9817060,9817060,9817060,9817060,9817060,69185.8,69185.8,69185.8,69185.8,69185.8,69185.8,69185.8,69185.8,69185.8,69185.8,76410.1,76410.1,76410.1,76410.1,76410.1,76410.1,76410.1,76410.1,76410.1,76410.1,235224,235224,235224,235224,235224,235224,235224,235224,235224,235224,384168,384168,384168,384168,384168,384168,384168,384168,384168,384168,200157,200157,200157,200157,200157,200157,200157,200157,200157,200157,10196.2,10196.2,10196.2,10196.2,10196.2,10196.2,10196.2,10196.2,10196.2,10196.2,0.143637,0.143637,0.143637,0.143637,0.143637,0.143637,0.143637,0.143637,0.143637,0.143637,13560.5,13560.5,13560.5,13560.5,13560.5,13560.5,13560.5,13560.5,13560.5,13560.5,145595.9,145595.9,145595.9,145595.9,145595.9,145595.9,145595.9,145595.9,145595.9,145595.9
2002,1517770,1517770,1517770,1517770,1517770,1517770,1517770,1517770,1517770,1517770,519418,519418,519418,519418,519418,519418,519418,519418,519418,519418,11137500,11137500,11137500,11137500,11137500,11137500,11137500,11137500,11137500,11137500,79446.1,79446.1,79446.1,79446.1,79446.1,79446.1,79446.1,79446.1,79446.1,79446.1,90376.8,90376.8,90376.8,90376.8,90376.8,90376.8,90376.8,90376.8,90376.8,90376.8,286435,286435,286435,286435,286435,286435,286435,286435,286435,286435,486868,486868,486868,486868,486868,486868,486868,486868,486868,486868,226188,226188,226188,226188,226188,226188,226188,226188,226188,226188,13030,13030,13030,13030,13030,13030,13030,13030,13030,13030,0.149027,0.149027,0.149027,0.149027,0.149027,0.149027,0.149027,0.149027,0.149027,0.149027,28674.6,28674.6,28674.6,28674.6,28674.6,28674.6,28674.6,28674.6,28674.6,28674.6,169822.9,169822.9,169822.9,169822.9,169822.9,169822.9,169822.9,169822.9,169822.9,169822.9
2003,1647320,1647320,1647320,1647320,1647320,1647320,1647320,1647320,1647320,1647320,509233,509233,509233,509233,509233,509233,509233,509233,509233,509233,12367800,12367800,12367800,12367800,12367800,12367800,12367800,12367800,12367800,12367800,89326.3,89326.3,89326.3,89326.3,89326.3,89326.3,89326.3,89326.3,89326.3,89326.3,104360,104360,104360,104360,104360,104360,104360,104360,104360,104360,337402,337402,337402,337402,337402,337402,337402,337402,337402,337402,603495,603495,603495,603495,603495,603495,603495,603495,603495,603495,255262,255262,255262,255262,255262,255262,255262,255262,255262,255262,16381.9,16381.9,16381.9,16381.9,16381.9,16381.9,16381.9,16381.9,16381.9,16381.9,0.154956,0.154956,0.154956,0.154956,0.154956,0.154956,0.154956,0.154956,0.154956,0.154956,58587.6,58587.6,58587.6,58587.6,58587.6,58587.6,58587.6,58587.6,58587.6,58587.6,193686.3,193686.3,193686.3,193686.3,193686.3,193686.3,193686.3,193686.3,193686.3,193686.3
2004,1775100,1775100,1775100,1775100,1775100,1775100,1775100,1775100,1775100,1775100,499404,499404,499404,499404,499404,499404,499404,499404,499404,499404,13593700,13593700,13593700,13593700,13593700,13593700,13593700,13593700,13593700,13593700,99460,99460,99460,99460,99460,99460,99460,99460,99460,99460,119141,119141,119141,119141,119141,119141,119141,119141,119141,119141,383945,383945,383945,383945,383945,383945,383945,383945,383945,383945,739815,739815,739815,739815,739815,739815,739815,739815,739815,739815,295554,295554,295554,295554,295554,295554,295554,295554,295554,295554,79569.5,79569.5,79569.5,79569.5,79569.5,79569.5,79569.5,79569.5,79569.5,79569.5,0.1665,0.1665,0.1665,0.1665,0.1665,0.1665,0.1665,0.1665,0.1665,0.1665,81121.5,81121.5,81121.5,81121.5,81121.5,81121.5,81121.5,81121.5,81121.5,81121.5,218601,218601,218601,218601,218601,218601,218601,218601,218601,218601
2005,2203360,2203360,2203360,2203360,2203360,2203360,2203360,2203360,2203360,2203360,486317,486317,486317,486317,486317,486317,486317,486317,486317,486317,13553600,13553600,13553600,13553600,13553600,13553600,13553600,13553600,13553600,13553600,102134,102134,102134,102134,102134,102134,102134,102134,102134,102134,119402,119402,119402,119402,119402,119402,119402,119402,119402,119402,435167,435167,435167,435167,435167,435167,435167,435167,435167,435167,895235,895235,895235,895235,895235,895235,895235,895235,895235,895235,420064,420064,420064,420064,420064,420064,420064,420064,420064,420064,129646,129646,129646,129646,129646,129646,129646,129646,129646,129646,0.190648,0.190648,0.190648,0.190648,0.190648,0.190648,0.190648,0.190648,0.190648,0.190648,100987,100987,100987,100987,100987,100987,100987,100987,100987,100987,221536,221536,221536,221536,221536,221536,221536,221536,221536,221536
2006,2436790,2436790,2436790,2436790,2436790,2436790,2436790,2436790,2436790,2436790,473066,473066,473066,473066,473066,473066,473066,473066,473066,473066,12776400,12776400,12776400,12776400,12776400,12776400,12776400,12776400,12776400,12776400,100361,100361,100361,100361,100361,100361,100361,100361,100361,100361,111701,111701,111701,111701,111701,111701,111701,111701,111701,111701,525178,525178,525178,525178,525178,525178,525178,525178,525178,525178,1122930,1122930,1122930,1122930,1122930,1122930,1122930,1122930,1122930,1122930,500719,500719,500719,500719,500719,500719,500719,500719,500719,500719,195804,195804,195804,195804,195804,195804,195804,195804,195804,195804,0.205483,0.205483,0.205483,0.205483,0.205483,0.205483,0.205483,0.205483,0.205483,0.205483,123481,123481,123481,123481,123481,123481,123481,123481,123481,123481,212062,212062,212062,212062,212062,212062,212062,212062,212062,212062
2007,2764850,2764850,2764850,2764850,2764850,2764850,2764850,2764850,2764850,2764850,460463,460463,460463,460463,460463,460463,460463,460463,460463,460463,11462300,11462300,11462300,11462300,11462300,11462300,11462300,11462300,11462300,11462300,94228.3,94228.3,94228.3,94228.3,94228.3,94228.3,94228.3,94228.3,94228.3,94228.3,98659,98659,98659,98659,98659,98659,98659,98659,98659,98659,640386,640386,640386,640386,640386,640386,640386,640386,640386,640386,1401490,1401490,1401490,1401490,1401490,1401490,1401490,1401490,1401490,1401490,540943,540943,540943,540943,540943,540943,540943,540943,540943,540943,267210,267210,267210,267210,267210,267210,267210,267210,267210,267210,0.19565,0.19565,0.19565,0.19565,0.19565,0.19565,0.19565,0.19565,0.19565,0.19565,130583,130583,130583,130583,130583,130583,130583,130583,130583,130583,192887.3,192887.3,192887.3,192887.3,192887.3,192887.3,192887.3,192887.3,192887.3,192887.3
2008,3463450,3463450,3463450,3463450,3463450,3463450,3463450,3463450,3463450,3463450,443992,443992,443992,443992,443992,443992,443992,443992,443992,443992,10180200,10180200,10180200,10180200,10180200,10180200,10180200,10180200,10180200,10180200,88006.4,88006.4,88006.4,88006.4,88006.4,88006.4,88006.4,88006.4,88006.4,88006.4,88076.8,88076.8,88076.8,88076.8,88076.8,88076.8,88076.8,88076.8,88076.8,88076.8,769838,769838,769838,769838,769838,769838,769838,769838,769838,769838,1702010,1702010,1702010,1702010,1702010,1702010,1702010,1702010,1702010,1702010,550734,550734,550734,550734,550734,550734,550734,550734,550734,550734,327912,327912,327912,327912,327912,327912,327912,327912,327912,327912,0.159013,0.159013,0.159013,0.159013,0.159013,0.159013,0.159013,0.159013,0.159013,0.159013,121962,121962,121962,121962,121962,121962,121962,121962,121962,121962,176083.2,176083.2,176083.2,176083.2,176083.2,176083.2,176083.2,176083.2,176083.2,176083.2
2009,7784570,7784570,7784570,7784570,7784570,7784570,7784570,7784570,7784570,7784570,425112,425112,425112,425112,425112,425112,425112,425112,425112,425112,8758870,8758870,8758870,8758870,8758870,8758870,8758870,8758870,8758870,8758870,81384.8,81384.8,81384.8,81384.8,81384.8,81384.8,81384.8,81384.8,81384.8,81384.8,79151.6,79151.6,79151.6,79151.6,79151.6,79151.6,79151.6,79151.6,79151.6,79151.6,905522,905522,905522,905522,905522,905522,905522,905522,905522,905522,2006530,2006530,2006530,2006530,2006530,2006530,2006530,2006530,2006530,2006530,796499,796499,796499,796499,796499,796499,796499,796499,796499,796499,445198,445198,445198,445198,445198,445198,445198,445198,445198,445198,0.102318,0.102318,0.102318,0.102318,0.102318,0.102318,0.102318,0.102318,0.102318,0.102318,101984,101984,101984,101984,101984,101984,101984,101984,101984,101984,160536.4,160536.4,160536.4,160536.4,160536.4,160536.4,160536.4,160536.4,160536.4,160536.4
2010,10651600,10651600,10651600,10651600,10651600,10651600,10651600,10651600,10651600,10651600,409115,409115,409115,409115,409115,409115,409115,409115,409115,409115,7190190,7190190,7190190,7190190,7190190,7190190,7190190,7190190,7190190,7190190,71462.9,71462.9,71462.9,71462.9,71462.9,71462.9,71462.9,71462.9,71462.9,71462.9,69210.5,69210.5,69210.5,69210.5,69210.5,69210.5,69210.5,69210.5,69210.5,69210.5,1143430,1143430,1143430,1143430,1143430,1143430,1143430,1143430,1143430,1143430,2446620,2446620,2446620,2446620,2446620,2446620,2446620,2446620,2446620,2446620,766424,766424,766424,766424,766424,766424,766424,766424,766424,766424,564513,564513,564513,564513,564513,564513,564513,564513,564513,564513,0.0719538,0.0719538,0.0719538,0.0719538,0.0719538,0.0719538,0.0719538,0.0719538,0.0719538,0.0719538,78967.8,78967.8,78967.8,78967.8,78967.8,78967.8,78967.8,78967.8,78967.8,78967.8,140673.4,140673.4,140673.4,140673.4,140673.4,140673.4,140673.4,140673.4,140673.4,140673.4
2011,9802170,9802170,9802170,9802170,9802170,9802170,9802170,9802170,9802170,9802170,393085,393085,393085,393085,393085,393085,393085,393085,393085,393085,5857420,5857420,5857420,5857420,5857420,5857420,5857420,5857420,5857420,5857420,60164.7,60164.7,60164.7,60164.7,60164.7,60164.7,60164.7,60164.7,60164.7,60164.7,59429.7,59429.7,59429.7,59429.7,59429.7,59429.7,59429.7,59429.7,59429.7,59429.7,1387410,1387410,1387410,1387410,1387410,1387410,1387410,1387410,1387410,1387410,2852910,2852910,2852910,2852910,2852910,2852910,2852910,2852910,2852910,2852910,604314,604314,604314,604314,604314,604314,604314,604314,604314,604314,686226,686226,686226,686226,686226,686226,686226,686226,686226,686226,0.0616511,0.0616511,0.0616511,0.0616511,0.0616511,0.0616511,0.0616511,0.0616511,0.0616511,0.0616511,62840,62840,62840,62840,62840,62840,62840,62840,62840,62840,119594.4,119594.4,119594.4,119594.4,119594.4,119594.4,119594.4,119594.4,119594.4,119594.4
2012,10024700,10024700,10024700,10024700,10024700,10024700,10024700,10024700,10024700,10024700,373399,373399,373399,373399,373399,373399,373399,373399,373399,373399,4892760,4892760,4892760,4892760,4892760,4892760,4892760,4892760,4892760,4892760,51480.1,51480.1,51480.1,51480.1,51480.1,51480.1,51480.1,51480.1,51480.1,51480.1,49840.1,49840.1,49840.1,49840.1,49840.1,49840.1,49840.1,49840.1,49840.1,49840.1,1584670,1584670,1584670,1584670,1584670,1584670,1584670,1584670,1584670,1584670,3152120,3152120,3152120,3152120,3152120,3152120,3152120,3152120,3152120,3152120,512828,512828,512828,512828,512828,512828,512828,512828,512828,512828,660564,660564,660564,660564,660564,660564,660564,660564,660564,660564,0.0511566,0.0511566,0.0511566,0.0511566,0.0511566,0.0511566,0.0511566,0.0511566,0.0511566,0.0511566,53805.7,53805.7,53805.7,53805.7,53805.7,53805.7,53805.7,53805.7,53805.7,53805.7,101320.2,101320.2,101320.2,101320.2,101320.2,101320.2,101320.2,101320.2,101320.2,101320.2
2013,8339360,8339360,8339360,8339360,8339360,8339360,8339360,8339360,8339360,8339360,356009,356009,356009,356009,356009,356009,356009,356009,356009,356009,4242630,4242630,4242630,4242630,4242630,4242630,4242630,4242630,4242630,4242630,46521.4,46521.4,46521.4,46521.4,46521.4,46521.4,46521.4,46521.4,46521.4,46521.4,42482.4,42482.4,42482.4,42482.4,42482.4,42482.4,42482.4,42482.4,42482.4,42482.4,1750830,1750830,1750830,1750830,1750830,1750830,1750830,1750830,1750830,1750830,3404870,3404870,3404870,3404870,3404870,3404870,3404870,3404870,3404870,3404870,408036,408036,408036,408036,408036,408036,408036,408036,408036,408036,539544,539544,539544,539544,539544,539544,539544,539544,539544,539544,0.0489289,0.0489289,0.0489289,0.0489289,0.0489289,0.0489289,0.0489289,0.0489289,0.0489289,0.0489289,49309.1,49309.1,49309.1,49309.1,49309.1,49309.1,49309.1,49309.1,49309.1,49309.1,89003.8,89003.8,89003.8,89003.8,89003.8,89003.8,89003.8,89003.8,89003.8,89003.8
2014,9673110,9673110,9673110,9673110,9673110,9673110,9673110,9673110,9673110,9673110,335882,335882,335882,335882,335882,335882,335882,335882,335882,335882,3816040,3816040,3816040,3816040,3816040,3816040,3816040,3816040,3816040,3816040,43629.1,43629.1,43629.1,43629.1,43629.1,43629.1,43629.1,43629.1,43629.1,43629.1,37469.8,37469.8,37469.8,37469.8,37469.8,37469.8,37469.8,37469.8,37469.8,37469.8,1877450,1877450,1877450,1877450,1877450,1877450,1877450,1877450,1877450,1877450,3604690,3604690,3604690,3604690,3604690,3604690,3604690,3604690,3604690,3604690,414146,414146,414146,414146,414146,414146,414146,414146,414146,414146,582356,582356,582356,582356,582356,582356,582356,582356,582356,582356,0.0428141,0.0428141,0.0428141,0.0428141,0.0428141,0.0428141,0.0428141,0.0428141,0.0428141,0.0428141,46010.2,46010.2,46010.2,46010.2,46010.2,46010.2,46010.2,46010.2,46010.2,46010.2,81098.9,81098.9,81098.9,81098.9,81098.9,81098.9,81098.9,81098.9,81098.9,81098.9
2015,12462000,12462000,12462000,12462000,12462000,12462000,12462000,12462000,12462000,12462000,319847,319847,319847,319847,319847,319847,319847,319847,319847,319847,3476130,3476130,3476130,3476130,3476130,3476130,3476130,3476130,3476130,3476130,41471.5,41471.5,41471.5,41471.5,41471.5,41471.5,41471.5,41471.5,41471.5,41471.5,34058.7,34058.7,34058.7,34058.7,34058.7,34058.7,34058.7,34058.7,34058.7,34058.7,2006750,2006750,2006750,2006750,2006750,2006750,2006750,2006750,2006750,2006750,3813020,3813020,3813020,3813020,3813020,3813020,3813020,3813020,3813020,3813020,428954,428954,428954,428954,428954,428954,428954,428954,428954,428954,611165,611165,611165,611165,611165,611165,611165,611165,611165,611165,0.034421,0.034421,0.034421,0.034421,0.034421,0.034421,0.034421,0.034421,0.034421,0.034421,40576.2,40576.2,40576.2,40576.2,40576.2,40576.2,40576.2,40576.2,40576.2,40576.2,75530.2,75530.2,75530.2,75530.2,75530.2,75530.2,75530.2,75530.2,75530.2,75530.2
2016,13662800,13662800,13662800,13662800,13662800,13662800,13662800,13662800,13662800,13662800,295660,295660,295660,295660,295660,295660,295660,295660,295660,295660,3166100,3166100,3166100,3166100,3166100,3166100,3166100,3166100,3166100,3166100,39080.7,39080.7,39080.7,39080.7,39080.7,39080.7,39080.7,39080.7,39080.7,39080.7,31209.8,31209.8,31209.8,31209.8,31209.8,31209.8,31209.8,31209.8,31209.8,31209.8,2142140,2142140,2142140,2142140,2142140,2142140,2142140,2142140,2142140,2142140,4031360,4031360,4031360,4031360,4031360,4031360,4031360,4031360,4031360,4031360,390571,390571,390571,390571,390571,390571,390571,390571,390571,390571,714328,714328,714328,714328,714328,714328,714328,714328,714328,714328,0.0285865,0.0285865,0.0285865,0.0285865,0.0285865,0.0285865,0.0285865,0.0285865,0.0285865,0.0285865,34321.3,34321.3,34321.3,34321.3,34321.3,34321.3,34321.3,34321.3,34321.3,34321.3,70290.5,70290.5,70290.5,70290.5,70290.5,70290.5,70290.5,70290.5,70290.5,70290.5
2017,13121700,13121700,13121700,13121700,13121700,13121700,13121700,13121700,13121700,13121700,267535,267535,267535,267535,267535,267535,267535,267535,267535,267535,2877410,2877410,2877410,2877410,2877410,2877410,2877410,2877410,2877410,2877410,36142.7,36142.7,36142.7,36142.7,36142.7,36142.7,36142.7,36142.7,36142.7,36142.7,28546.8,28546.8,28546.8,28546.8,28546.8,28546.8,28546.8,28546.8,28546.8,28546.8,2261570,2261570,2261570,2261570,2261570,2261570,2261570,2261570,2261570,2261570,4226000,4226000,4226000,4226000,4226000,4226000,4226000,4226000,4226000,4226000,335114,335114,335114,335114,335114,335114,335114,335114,335114,335114,587682,587682,587682,587682,587682,587682,587682,587682,587682,587682,0.0255389,0.0255389,0.0255389,0.0255389,0.0255389,0.0255389,0.0255389,0.0255389,0.0255389,0.0255389,30292.2,30292.2,30292.2,30292.2,30292.2,30292.2,30292.2,30292.2,30292.2,30292.2,64689.5,64689.5,64689.5,64689.5,64689.5,64689.5,64689.5,64689.5,64689.5,64689.5
2018,14015700,14015700,14015700,14015700,14015700,14015700,14015700,14015700,14015700,14015700,249317,249317,249317,249317,249317,249317,249317,249317,249317,249317,2646330,2646330,2646330,2646330,2646330,2646330,2646330,2646330,2646330,2646330,33910.3,33910.3,33910.3,33910.3,33910.3,33910.3,33910.3,33910.3,33910.3,33910.3,26397.6,26397.6,26397.6,26397.6,26397.6,26397.6,26397.6,26397.6,26397.6,26397.6,2361770,2361770,2361770,2361770,2361770,2361770,2361770,2361770,2361770,2361770,4390990,4390990,4390990,4390990,4390990,4390990,4390990,4390990,4390990,4390990,311646,311646,311646,311646,311646,311646,311646,311646,311646,311646,484672,484672,484672,484672,484672,484672,484672,484672,484672,484672,0.0222355,0.0222355,0.0222355,0.0222355,0.0222355,0.0222355,0.0222355,0.0222355,0.0222355,0.0222355,27098.8,27098.8,27098.8,27098.8,27098.8,27098.8,27098.8,27098.8,27098.8,27098.8,60307.9,60307.9,60307.9,60307.9,60307.9,60307.9,60307.9,60307.9,60307.9,60307.9
2019,17775800,17775800,17775800,17775800,17775800,17775800,17775800,17775800,17775800,17775800,232066,232066,232066,232066,232066,232066,232066,232066,232066,232066,2454190,2454190,2454190,2454190,2454190,2454190,2454190,2454190,2454190,2454190,32126.1,32126.1,32126.1,32126.1,32126.1,32126.1,32126.1,32126.1,32126.1,32126.1,24675,24675,24675,24675,24675,24675,24675,24675,24675,24675,2452910,2452910,2452910,2452910,2452910,2452910,2452910,2452910,2452910,2452910,4547800,4547800,4547800,4547800,4547800,4547800,4547800,4547800,4547800,4547800,312017,312017,312017,312017,312017,312017,312017,312017,312017,312017,410137,410137,410137,410137,410137,410137,410137,410137,410137,410137,0.0175529,0.0175529,0.0175529,0.0175529,0.0175529,0.0175529,0.0175529,0.0175529,0.0175529,0.0175529,23421.8,23421.8,23421.8,23421.8,23421.8,23421.8,23421.8,23421.8,23421.8,23421.8,56801.1,56801.1,56801.1,56801.1,56801.1,56801.1,56801.1,56801.1,56801.1,56801.1
2020,13675300,13675300,13675300,13675300,13675300,13675300,13675300,13675300,13675300,13675300,224277,224277,224277,224277,224277,224277,224277,224277,224277,224277,2312750,2312750,2312750,2312750,2312750,2312750,2312750,2312750,2312750,2312750,30866.2,30866.2,30866.2,30866.2,30866.2,30866.2,30866.2,30866.2,30866.2,30866.2,23594.1,23594.1,23594.1,23594.1,23594.1,23594.1,23594.1,23594.1,23594.1,23594.1,2538010,2538010,2538010,2538010,2538010,2538010,2538010,2538010,2538010,2538010,4703500,4703500,4703500,4703500,4703500,4703500,4703500,4703500,4703500,4703500,221824,221824,221824,221824,221824,221824,221824,221824,221824,221824,280608,280608,280608,280608,280608,280608,280608,280608,280608,280608,0.0162208,0.0162208,0.0162208,0.0162208,0.0162208,0.0162208,0.0162208,0.0162208,0.0162208,0.0162208,21671,21671,21671,21671,21671,21671,21671,21671,21671,21671,54460.3,54460.3,54460.3,54460.3,54460.3,54460.3,54460.3,54460.3,54460.3,54460.3
2021,13178400,13178400,13178400,13178400,13178400,13178400,13178400,13178400,13178400,13178400,211547,211547,211547,211547,211547,211547,211547,211547,211547,211547,2237410,2237410,2237410,2237410,2237410,2237410,2237410,2237410,2237410,2237410,30472.8,30472.8,30472.8,30472.8,30472.8,30472.8,30472.8,30472.8,30472.8,30472.8,23025.4,23025.4,23025.4,23025.4,23025.4,23025.4,23025.4,23025.4,23025.4,23025.4,2568510,2568510,2568510,2568510,2568510,2568510,2568510,2568510,2568510,2568510,4779960,4779960,4779960,4779960,4779960,4779960,4779960,4779960,4779960,4779960,209228,209228,209228,209228,209228,209228,209228,209228,209228,209228,275960,275960,275960,275960,275960,275960,275960,275960,275960,275960,0.0158766,0.0158766,0.0158766,0.0158766,0.0158766,0.0158766,0.0158766,0.0158766,0.0158766,0.0158766,21388.1,21388.1,21388.1,21388.1,21388.1,21388.1,21388.1,21388.1,21388.1,21388.1,53498.2,53498.2,53498.2,53498.2,53498.2,53498.2,53498.2,53498.2,53498.2,53498.2
2022,13808300,13808300,13808300,13808300,13808300,13808300,13808300,13808300,13808300,13808300,199537,199537,199537,199537,199537,199537,199537,199537,199537,199537,2158150,2158150,2158150,2158150,2158150,2158150,2158150,2158150,2158150,2158150,29836.7,29836.7,29836.7,29836.7,29836.7,29836.7,29836.7,29836.7,29836.7,29836.7,22535,22535,22535,22535,22535,22535,22535,22535,22535,22535,2594300,2594300,2594300,2594300,2594300,2594300,2594300,2594300,2594300,2594300,4863050,4863050,4863050,4863050,4863050,4863050,4863050,4863050,4863050,4863050,208121,208121,208121,208121,208121,208121,208121,208121,208121,208121,274726,274726,274726,274726,274726,274726,274726,274726,274726,274726,0.0150722,0.0150722,0.0150722,0.0150722,0.0150722,0.0150722,0.0150722,0.0150722,0.0150722,0.0150722,20625.8,20625.8,20625.8,20625.8,20625.8,20625.8,20625.8,20625.8,20625.8,20625.8,52371.7,52371.7,52371.7,52371.7,52371.7,52371.7,52371.7,52371.7,52371.7,52371.7
2023,14125500,14125500,14125500,14125500,14125500,14125500,14125500,14125500,14125500,14125500,187552,187552,187552,187552,187552,187552,187552,187552,187552,187552,2066530,2066530,2066530,2066530,2066530,2066530,2066530,2066530,2066530,2066530,28846,28846,28846,28846,28846,28846,28846,28846,28846,28846,22100.1,22100.1,22100.1,22100.1,22100.1,22100.1,22100.1,22100.1,22100.1,22100.1,2621060,2621060,2621060,2621060,2621060,2621060,2621060,2621060,2621060,2621060,4951290,4951290,4951290,4951290,4951290,4951290,4951290,4951290,4951290,4951290,199258,199258,199258,199258,199258,199258,199258,199258,199258,199258,264063,264063,264063,264063,264063,264063,264063,264063,264063,264063,0.0141063,0.0141063,0.0141063,0.0141063,0.0141063,0.0141063,0.0141063,0.0141063,0.0141063,0.0141063,19464.7,19464.7,19464.7,19464.7,19464.7,19464.7,19464.7,19464.7,19464.7,19464.7,50946.1,50946.1,50946.1,50946.1,50946.1,50946.1,50946.1,50946.1,50946.1,50946.1
2024,14455900,14455900,14455900,14455900,14455900,14455900,14455900,14455900,14455900,14455900,181672,181672,181672,181672,181672,181672,181672,181672,181672,181672,1961910,1961910,1961910,1961910,1961910,1961910,1961910,1961910,1961910,1961910,27449.4,27449.4,27449.4,27449.4,27449.4,27449.4,27449.4,27449.4,27449.4,27449.4,21714,21714,21714,21714,21714,21714,21714,21714,21714,21714,2645120,2645120,2645120,2645120,2645120,2645120,2645120,2645120,2645120,2645120,5036040,5036040,5036040,5036040,5036040,5036040,5036040,5036040,5036040,5036040,189719,189719,189719,189719,189719,189719,189719,189719,189719,189719,234913,234913,234913,234913,234913,234913,234913,234913,234913,234913,0.013124,0.013124,0.013124,0.013124,0.013124,0.013124,0.013124,0.013124,0.013124,0.013124,18355.4,18355.4,18355.4,18355.4,18355.4,18355.4,18355.4,18355.4,18355.4,18355.4,49163.4,49163.4,49163.4,49163.4,49163.4,49163.4,49163.4,49163.4,49163.4,49163.4
2025,14805000,3182660,14805000,14805000,14805000,14805000,14805000,14805000,14805000,14805000,176830,179101,176830,176830,176830,176830,176830,176830,176830,176830,1877210,1888400,1877210,1877210,1877210,1877210,1877210,1877210,1877210,1877210,26436,26505.1,26436,26436,26436,26436,26436,26436,26436,26436,21493,21577.3,21493,21493,21493,21493,21493,21493,21493,21493,2665890,2665890,2665890,2665890,2665890,2665890,2665890,2665890,2665890,2665890,5116240,5116240,5116240,5116240,5116240,5116240,5116240,5116240,5116240,5116240,181606,181606,181606,181606,181606,181606,181606,181606,181606,181606,214211,151451,214211,214211,214211,214211,214211,214211,214211,214211,0.0122666,0.0122666,0.0122666,0.0122666,0.0122666,0.0122666,0.0122666,0.0122666,0.0122666,0.0122666,17479,20876.8,17479,17479,17479,17479,17479,17479,17479,17479,47929,48082.4,47929,47929,47929,47929,47929,47929,47929,47929
2026,15113800,3332560,15113800,15113800,15113800,15113800,15113800,15113800,15113800,15113800,172434,179304,172434,172434,172434,172434,172434,172434,172434,172434,1811140,1876470,1811140,1811140,1811140,1811140,1811140,1811140,1811140,1811140,25732.1,26415.5,25732.1,25732.1,25732.1,25732.1,25732.1,25732.1,25732.1,25732.1,21400.2,21882.5,21400.2,21400.2,21400.2,21400.2,21400.2,21400.2,21400.2,21400.2,2684430,2646240,2684430,2684430,2684430,2684430,2684430,2684430,2684430,2684430,5193810,5121540,5193810,5193810,5193810,5193810,5193810,5193810,5193810,5193810,174841,174841,174841,174841,174841,174841,174841,174841,174841,174841,198938,135272,198938,198938,198938,198938,198938,198938,198938,198938,0.0115683,0.0115683,0.0115683,0.0115683,0.0115683,0.0115683,0.0115683,0.0115683,0.0115683,0.0115683,16750.2,26466,16750.2,16750.2,16750.2,16750.2,16750.2,16750.2,16750.2,16750.2,47132.3,48298,47132.3,47132.3,47132.3,47132.3,47132.3,47132.3,47132.3,47132.3
2027,15378900,3448340,15378900,15378900,15378900,15378900,15378900,15378900,15378900,15378900,168118,179691,168118,168118,168118,168118,168118,168118,168118,168118,1757680,1888640,1757680,1757680,1757680,1757680,1757680,1757680,1757680,1757680,25240.8,26616.7,25240.8,25240.8,25240.8,25240.8,25240.8,25240.8,25240.8,25240.8,21391.5,22454.3,21391.5,21391.5,21391.5,21391.5,21391.5,21391.5,21391.5,21391.5,2698430,2628120,2698430,2698430,2698430,2698430,2698430,2698430,2698430,2698430,5265260,5136620,5265260,5265260,5265260,5265260,5265260,5265260,5265260,5265260,169025,169025,169025,169025,169025,169025,169025,169025,169025,169025,187292,127526,187292,187292,187292,187292,187292,187292,187292,187292,0.0109907,0.0109907,0.0109907,0.0109907,0.0109907,0.0109907,0.0109907,0.0109907,0.0109907,0.0109907,16112.8,30664.2,16112.8,16112.8,16112.8,16112.8,16112.8,16112.8,16112.8,16112.8,46632.3,49071,46632.3,46632.3,46632.3,46632.3,46632.3,46632.3,46632.3,46632.3
2028,15638800,3552280,15638800,15638800,15638800,15638800,15638800,15638800,15638800,15638800,163647,179881,163647,163647,163647,163647,163647,163647,163647,163647,1711790,1924510,1711790,1711790,1711790,1711790,1711790,1711790,1711790,1711790,24865.7,27052.5,24865.7,24865.7,24865.7,24865.7,24865.7,24865.7,24865.7,24865.7,21435.8,23264.4,21435.8,21435.8,21435.8,21435.8,21435.8,21435.8,21435.8,21435.8,2708320,2612770,2708320,2708320,2708320,2708320,2708320,2708320,2708320,2708320,5331000,5160560,5331000,5331000,5331000,5331000,5331000,5331000,5331000,5331000,163786,163786,163786,163786,163786,163786,163786,163786,163786,163786,178058,125560,178058,178058,178058,178058,178058,178058,178058,178058,0.010473,0.010473,0.010473,0.010473,0.010473,0.010473,0.010473,0.010473,0.010473,0.010473,15508.6,33674.9,15508.6,15508.6,15508.6,15508.6,15508.6,15508.6,15508.6,15508.6,46301.5,50316.9,46301.5,46301.5,46301.5,46301.5,46301.5,46301.5,46301.5,46301.5
2029,15899300,3649810,15899300,15899300,15899300,15899300,15899300,15899300,15899300,15899300,159033,179780,159033,159033,159033,159033,159033,159033,159033,159033,1671140,1950860,1671140,1671140,1671140,1671140,1671140,1671140,1671140,1671140,24572.4,27399,24572.4,24572.4,24572.4,24572.4,24572.4,24572.4,24572.4,24572.4,21508.3,24178.3,21508.3,21508.3,21508.3,21508.3,21508.3,21508.3,21508.3,21508.3,2714150,2599500,2714150,2714150,2714150,2714150,2714150,2714150,2714150,2714150,5390890,5191160,5390890,5390890,5390890,5390890,5390890,5390890,5390890,5390890,158828,158828,158828,158828,158828,158828,158828,158828,158828,158828,170408,127190,170408,170408,170408,170408,170408,170408,170408,170408,0.0099896,0.0099896,0.0099896,0.0099896,0.0099896,0.0099896,0.0099896,0.0099896,0.0099896,0.0099896,14904.5,35725.6,14904.5,14904.5,14904.5,14904.5,14904.5,14904.5,14904.5,14904.5,46080.7,51577.3,46080.7,46080.7,46080.7,46080.7,46080.7,46080.7,46080.7,46080.7
2030,16156000,3736710,3683820,16156000,16156000,16156000,16156000,16156000,16156000,16156000,154345,179367,156212,154345,154345,154345,154345,154345,154345,154345,1634040,1979280,1642760,1634040,1634040,1634040,1634040,1634040,1634040,1634040,24332.6,27802.4,24381.7,24332.6,24332.6,24332.6,24332.6,24332.6,24332.6,24332.6,21591.6,25102.7,21662.4,21591.6,21591.6,21591.6,21591.6,21591.6,21591.6,21591.6,2715420,2587210,2715420,2715420,2715420,2715420,2715420,2715420,2715420,2715420,5444140,5225620,5444140,5444140,5444140,5444140,5444140,5444140,5444140,5444140,154000,154000,154000,154000,154000,154000,154000,154000,154000,154000,163779,130636,113698,163779,163779,163779,163779,163779,163779,163779,0.00953207,0.00953207,0.00953207,0.00953207,0.00953207,0.00953207,0.00953207,0.00953207,0.00953207,0.00953207,14293.9,37032,17082,14293.9,14293.9,14293.9,14293.9,14293.9,14293.9,14293.9,45924.2,52905.1,46044.1,45924.2,45924.2,45924.2,45924.2,45924.2,45924.2,45924.2
2031,16407000,3813320,3759100,16407000,16407000,16407000,16407000,16407000,16407000,16407000,149616,178603,155378,149616,149616,149616,149616,149616,149616,149616,1599350,2005000,1649820,1599350,1599350,1599350,1599350,1599350,1599350,1599350,24130.4,28230.1,24627.8,24130.4,24130.4,24130.4,24130.4,24130.4,24130.4,24130.4,21676.7,25965.7,22094.7,21676.7,21676.7,21676.7,21676.7,21676.7,21676.7,21676.7,2712840,2575790,2681860,2712840,2712840,2712840,2712840,2712840,2712840,2712840,5491210,5262530,5428420,5491210,5491210,5491210,5491210,5491210,5491210,5491210,149259,149259,149259,149259,149259,149259,149259,149259,149259,149259,157824,134652,104746,157824,157824,157824,157824,157824,157824,157824,0.0090973,0.0090973,0.0090973,0.0090973,0.0090973,0.0090973,0.0090973,0.0090973,0.0090973,0.0090973,13681.6,37780.3,21674.4,13681.6,13681.6,13681.6,13681.6,13681.6,13681.6,13681.6,45807.1,54195.8,46722.5,45807.1,45807.1,45807.1,45807.1,45807.1,45807.1,45807.1
2032,16648300,3880820,3843070,16648300,16648300,16648300,16648300,16648300,16648300,16648300,144856,177462,154736,144856,144856,144856,144856,144856,144856,144856,1566130,2025080,1670100,1566130,1566130,1566130,1566130,1566130,1566130,1566130,23949.1,28641.6,24996.1,23949.1,23949.1,23949.1,23949.1,23949.1,23949.1,23949.1,21755.2,26723.2,22696.2,21755.2,21755.2,21755.2,21755.2,21755.2,21755.2,21755.2,2706280,2564330,2648910,2706280,2706280,2706280,2706280,2706280,2706280,2706280,5531730,5299950,5419950,5531730,5531730,5531730,5531730,5531730,5531730,5531730,144569,144569,144569,144569,144569,144569,144569,144569,144569,144569,152298,138461,101525,152298,152298,152298,152298,152298,152298,152298,0.00868374,0.00868374,0.00868374,0.00868374,0.00868374,0.00868374,0.00868374,0.00868374,0.00868374,0.00868374,13072.8,38115.3,25037.9,13072.8,13072.8,13072.8,13072.8,13072.8,13072.8,13072.8,45704.3,55364.8,47692.3,45704.3,45704.3,45704.3,45704.3,45704.3,45704.3,45704.3
2033,16880100,3939920,3917960,16880100,16880100,16880100,16880100,16880100,16880100,16880100,140099,175976,154109,140099,140099,140099,140099,140099,140099,140099,1533720,2038300,1706330,1533720,1533720,1533720,1533720,1533720,1533720,1533720,23780.1,29013.3,25508,23780.1,23780.1,23780.1,23780.1,23780.1,23780.1,23780.1,21824.4,27363.3,23460.1,21824.4,21824.4,21824.4,21824.4,21824.4,21824.4,21824.4,2696290,2552690,2618010,2696290,2696290,2696290,2696290,2696290,2696290,2696290,5566080,5336920,5418210,5566080,5566080,5566080,5566080,5566080,5566080,5566080,139924,139924,139924,139924,139924,139924,139924,139924,139924,139924,147073,141680,102227,147073,147073,147073,147073,147073,147073,147073,0.00828933,0.00828933,0.00828933,0.00828933,0.00828933,0.00828933,0.00828933,0.00828933,0.00828933,0.00828933,12471.4,38140.7,27368.9,12471.4,12471.4,12471.4,12471.4,12471.4,12471.4,12471.4,45604.5,56376.6,48968.1,45604.5,45604.5,45604.5,45604.5,45604.5,45604.5,45604.5
2034,17103400,3993060,3985140,17103400,17103400,17103400,17103400,17103400,17103400,17103400,135397,174213,153419,135397,135397,135397,135397,135397,135397,135397,1501640,2044550,1731160,1501640,1501640,1501640,1501640,1501640,1501640,1501640,23614,29329.4,25898.4,23614,23614,23614,23614,23614,23614,23614,21880.5,27888.6,24273,21880.5,21880.5,21880.5,21880.5,21880.5,21880.5,21880.5,2683040,2540490,2588920,2683040,2683040,2683040,2683040,2683040,2683040,2683040,5594270,5372410,5421530,5594270,5594270,5594270,5594270,5594270,5594270,5594270,135325,135325,135325,135325,135325,135325,135325,135325,135325,135325,142049,144140,105231,142049,142049,142049,142049,142049,142049,142049,0.00791217,0.00791217,0.00791217,0.00791217,0.00791217,0.00791217,0.00791217,0.00791217,0.00791217,0.00791217,11880.7,37927.1,28887.7,11880.7,11880.7,11880.7,11880.7,11880.7,11880.7,11880.7,45494.5,57218,50171.4,45494.5,45494.5,45494.5,45494.5,45494.5,45494.5,45494.5
2035,17320800,4044060,4048000,4003760,17320800,17320800,17320800,17320800,17320800,17320800,130791,172235,152609,132358,130791,130791,130791,130791,130791,130791,1469540,2044330,1755400,1476730,1469540,1469540,1469540,1469540,1469540,1469540,23443.6,29583,26299.4,23484.4,23443.6,23443.6,23443.6,23443.6,23443.6,23443.6,21920.9,28310.2,25064.7,21984.3,21920.9,21920.9,21920.9,21920.9,21920.9,21920.9,2666650,2527380,2561340,2666650,2666650,2666650,2666650,2666650,2666650,2666650,5616330,5405600,5428080,5616330,5616330,5616330,5616330,5616330,5616330,5616330,130786,130786,130786,130786,130786,130786,130786,130786,130786,130786,137170,145811,109203,95786.4,137170,137170,137170,137170,137170,137170,0.00755083,0.00755083,0.00755083,0.00755083,0.00755083,0.00755083,0.00755083,0.00755083,0.00755083,0.00755083,11303.7,37522.9,29788.8,13504.3,11303.7,11303.7,11303.7,11303.7,11303.7,11303.7,45364.5,57893.2,51364.1,45468.7,45364.5,45364.5,45364.5,45364.5,45364.5,45364.5
2036,17531300,4092560,4106140,4061100,17531300,17531300,17531300,17531300,17531300,17531300,126303,170085,151630,131118,126303,126303,126303,126303,126303,126303,1437230,2038440,1775110,1478860,1437230,1437230,1437230,1437230,1437230,1437230,23263.4,29772.6,26681,23681.9,23263.4,23263.4,23263.4,23263.4,23263.4,23263.4,21943.7,28641.9,25774.8,22320.1,21943.7,21943.7,21943.7,21943.7,21943.7,21943.7,2647280,2513140,2534790,2621480,2647280,2647280,2647280,2647280,2647280,2647280,5632310,5435880,5436220,5579430,5632310,5632310,5632310,5632310,5632310,5632310,126328,126328,126328,126328,126328,126328,126328,126328,126328,126328,132410,146742,113220,88402.4,132410,132410,132410,132410,132410,132410,0.00720585,0.00720585,0.00720585,0.00720585,0.00720585,0.00720585,0.00720585,0.00720585,0.00720585,0.00720585,10741.5,36960.2,30226.7,17019.2,10741.5,10741.5,10741.5,10741.5,10741.5,10741.5,45207.1,58414.5,52455.8,46002,45207.1,45207.1,45207.1,45207.1,45207.1,45207.1
2037,17731700,4136290,4157450,4126540,17731700,17731700,17731700,17731700,17731700,17731700,121945,167796,150466,130186,121945,121945,121945,121945,121945,121945,1404590,2027660,1788150,1490740,1404590,1404590,1404590,1404590,1404590,1404590,23069.3,29899.8,27014.7,23960.3,23069.3,23069.3,23069.3,23069.3,23069.3,23069.3,21947.7,28897.3,26371.5,22793.4,21947.7,21947.7,21947.7,21947.7,21947.7,21947.7,2624990,2497530,2508710,2577350,2624990,2624990,2624990,2624990,2624990,2624990,5642230,5462690,5444440,5548380,5642230,5642230,5642230,5642230,5642230,5642230,121965,121965,121965,121965,121965,121965,121965,121965,121965,121965,127759,147021,116749,85706.5,127759,127759,127759,127759,127759,127759,0.00687835,0.00687835,0.00687835,0.00687835,0.00687835,0.00687835,0.00687835,0.00687835,0.00687835,0.00687835,10194.4,36263.1,30318.2,19531,10194.4,10194.4,10194.4,10194.4,10194.4,10194.4,45017,58797.1,53386.2,46753.7,45017,45017,45017,45017,45017,45017
2038,17922100,4174940,4201960,4184660,17922100,17922100,17922100,17922100,17922100,17922100,117727,165404,149132,129407,117727,117727,117727,117727,117727,117727,1371580,2012730,1793950,1514720,1371580,1371580,1371580,1371580,1371580,1371580,22859.3,29968.4,27284.4,24340.2,22859.3,22859.3,22859.3,22859.3,22859.3,22859.3,21932.8,29089.2,26848.5,23396.4,21932.8,21932.8,21932.8,21932.8,21932.8,21932.8,2599920,2480440,2482660,2535100,2599920,2599920,2599920,2599920,2599920,2599920,5646170,5485650,5451600,5522350,5646170,5646170,5646170,5646170,5646170,5646170,117719,117719,117719,117719,117719,117719,117719,117719,117719,117719,123226,146746,119551,86204.1,123226,123226,123226,123226,123226,123226,0.00656835,0.00656835,0.00656835,0.00656835,0.00656835,0.00656835,0.00656835,0.00656835,0.00656835,0.00656835,9663.36,35456.2,30152.4,21204.6,9663.36,9663.36,9663.36,9663.36,9663.36,9663.36,44792.1,59057.6,54132.9,47736.6,44792.1,44792.1,44792.1,44792.1,44792.1,44792.1
2039,18103000,4208970,4240510,4235390,18103000,18103000,18103000,18103000,18103000,18103000,113661,162950,147661,128690,113661,113661,113661,113661,113661,113661,1338210,1994290,1792920,1528610,1338210,1338210,1338210,1338210,1338210,1338210,22632.3,29982.7,27483.9,24590.1,22632.3,22632.3,22632.3,22632.3,22632.3,22632.3,21899,29227.9,27214,24026,21899,21899,21899,21899,21899,21899,2572160,2461770,2456260,2494450,2572160,2572160,2572160,2572160,2572160,2572160,5644210,5504480,5456750,5499850,5644210,5644210,5644210,5644210,5644210,5644210,113604,113604,113604,113604,113604,113604,113604,113604,113604,113604,118820,146011,121569,88548,118820,118820,118820,118820,118820,118820,0.00627544,0.00627544,0.00627544,0.00627544,0.00627544,0.00627544,0.00627544,0.00627544,0.00627544,0.00627544,9149.37,34561.6,29795.6,22226.2,9149.37,9149.37,9149.37,9149.37,9149.37,9149.37,44531.3,59210.6,54697.9,48616.1,44531.3,44531.3,44531.3,44531.3,44531.3,44531.3
2040,18275700,4239450,4274470,4279730,4243260,18275700,18275700,18275700,18275700,18275700,109755,160470,146091,127966,111038,109755,109755,109755,109755,109755,1304530,1972900,1785940,1541360,1310370,1304530,1304530,1304530,1304530,1304530,22387.9,29947.5,27613.8,24832.7,22422.5,22387.9,22387.9,22387.9,22387.9,22387.9,21846.4,29321.8,27482.3,24625.1,21902.4,21846.4,21846.4,21846.4,21846.4,21846.4,2541880,2441500,2429260,2455170,2541880,2541880,2541880,2541880,2541880,2541880,5636480,5518980,5459240,5479350,5636480,5636480,5636480,5636480,5636480,5636480,109634,109634,109634,109634,109634,109634,109634,109634,109634,109634,114550,144899,122843,91645.7,80911.2,114550,114550,114550,114550,114550,0.00599889,0.00599889,0.00599889,0.00599889,0.00599889,0.00599889,0.00599889,0.00599889,0.00599889,0.00599889,8652.97,33597.7,29295.5,22761.2,10310,8652.97,8652.97,8652.97,8652.97,8652.97,44234.3,59269.3,55096.1,49457.8,44324.9,44234.3,44234.3,44234.3,44234.3,44234.3
2041,18441900,4267850,4305540,4319360,4282380,18441900,18441900,18441900,18441900,18441900,106005,157984,144446,127183,109925,106005,106005,106005,106005,106005,1270600,1949050,1774050,1549960,1304690,1270600,1270600,1270600,1270600,1270600,22125.9,29867.7,27678.2,25045.4,22485.7,22125.9,22125.9,22125.9,22125.9,22125.9,21775.2,29378.2,27669.5,25144.2,22109.5,21775.2,21775.2,21775.2,21775.2,21775.2,2509180,2419680,2401440,2416830,2487920,2509180,2509180,2509180,2509180,2509180,5623070,5529050,5458550,5459450,5579470,5623070,5623070,5623070,5623070,5623070,105815,105815,105815,105815,105815,105815,105815,105815,105815,105815,110424,143489,123473,94754.1,74482.6,110424,110424,110424,110424,110424,0.00573776,0.00573776,0.00573776,0.00573776,0.00573776,0.00573776,0.00573776,0.00573776,0.00573776,0.00573776,8174.59,32581.9,28688.4,22943.4,12868.3,8174.59,8174.59,8174.59,8174.59,8174.59,43901.1,59245.9,55347.7,50189.6,44595.2,43901.1,43901.1,43901.1,43901.1,43901.1
2042,18604600,4297770,4337440,4358170,4332990,18604600,18604600,18604600,18604600,18604600,102402,155504,142742,126312,109115,102402,102402,102402,102402,102402,1236480,1923180,1758180,1552960,1307060,1236480,1236480,1236480,1236480,1236480,21846.5,29748,27682.5,25208.1,22612.1,21846.5,21846.5,21846.5,21846.5,21846.5,21685.3,29402.5,27790.1,25559.4,22435.1,21685.3,21685.3,21685.3,21685.3,21685.3,2474190,2396320,2372630,2378990,2435050,2474190,2474190,2474190,2474190,2474190,5604090,5534600,5454310,5438960,5526630,5604090,5604090,5604090,5604090,5604090,102148,102148,102148,102148,102148,102148,102148,102148,102148,102148,106448,141846,123570,97459.8,71984.3,106448,106448,106448,106448,106448,0.00549047,0.00549047,0.00549047,0.00549047,0.00549047,0.00549047,0.00549047,0.00549047,0.00549047,0.00549047,7714.43,31530.1,28002.2,22875.6,14648.6,7714.43,7714.43,7714.43,7714.43,7714.43,43531.8,59150.5,55472.6,50767.5,45047.2,43531.8,43531.8,43531.8,43531.8,43531.8
2043,18763200,4327990,4369050,4395320,4381620,18763200,18763200,18763200,18763200,18763200,98939.5,153041,140989,125350,108479,98939.5,98939.5,98939.5,98939.5,98939.5,1202260,1895650,1739150,1550130,1319210,1202260,1202260,1202260,1202260,1202260,21549.9,29592.3,27632.5,25310.8,22819.6,21549.9,21549.9,21549.9,21549.9,21549.9,21576.8,29398.7,27856.5,25867.7,22869.4,21576.8,21576.8,21576.8,21576.8,21576.8,2437030,2371430,2342740,2341300,2383880,2437030,2437030,2437030,2437030,2437030,5579660,5535570,5446260,5416940,5477260,5579660,5579660,5579660,5579660,5579660,98629.1,98629.1,98629.1,98629.1,98629.1,98629.1,98629.1,98629.1,98629.1,98629.1,102623,140025,123242,99586.4,72169.6,102623,102623,102623,102623,102623,0.00525653,0.00525653,0.00525653,0.00525653,0.00525653,0.00525653,0.00525653,0.00525653,0.00525653,0.00525653,7272.44,30456.7,27258.6,22632.9,15792.8,7272.44,7272.44,7272.44,7272.44,7272.44,43126.7,58991,55489,51178.5,45689,43126.7,43126.7,43126.7,43126.7,43126.7
2044,18915700,4356430,4398340,4429000,4425710,18915700,18915700,18915700,18915700,18915700,95613.5,150619,139210,124313,107933,95613.5,95613.5,95613.5,95613.5,95613.5,1168010,1866780,1717640,1542010,1323580,1168010,1168010,1168010,1168010,1168010,21236.7,29404.1,27534,25351,22907.3,21236.7,21236.7,21236.7,21236.7,21236.7,21449.8,29369.7,27878.5,26078.2,23319.1,21449.8,21449.8,21449.8,21449.8,21449.8,2397810,2345020,2311730,2303450,2334190,2397810,2397810,2397810,2397810,2397810,5549880,5531900,5434220,5392670,5430180,5549880,5549880,5549880,5549880,5549880,95253.4,95253.4,95253.4,95253.4,95253.4,95253.4,95253.4,95253.4,95253.4,95253.4,98948.2,138076,122581,101105,73916.4,98948.2,98948.2,98948.2,98948.2,98948.2,0.00503568,0.00503568,0.00503568,0.00503568,0.00503568,0.00503568,0.00503568,0.00503568,0.00503568,0.00503568,6849.63,29377.6,26477,22271.6,16456.8,6849.63,6849.63,6849.63,6849.63,6849.63,42686.5,58773.8,55412.5,51429.2,46226.4,42686.5,42686.5,42686.5,42686.5,42686.5
2045,19062500,4383230,4425560,4459720,4465430,4435820,19062500,19062500,19062500,19062500,92419.8,148251,137419,123218,107414,93472.3,92419.8,92419.8,92419.8,92419.8,1133830,1836870,1694220,1529480,1327230,1138510,1133830,1133830,1133830,1133830,20907.4,29186.7,27392.3,25331.5,22985.2,20936.5,20907.4,20907.4,20907.4,20907.4,21304.4,29318,27863.4,26204.7,23736.9,21353.6,21304.4,21304.4,21304.4,21304.4,2356650,2317150,2279560,2265240,2285770,2356650,2356650,2356650,2356650,2356650,5514860,5523570,5418100,5365660,5384150,5514860,5514860,5514860,5514860,5514860,92017.2,92017.2,92017.2,92017.2,92017.2,92017.2,92017.2,92017.2,92017.2,92017.2,95422.6,136038,121666,102064,76322.1,68107.4,95422.6,95422.6,95422.6,95422.6,0.00482712,0.00482712,0.00482712,0.00482712,0.00482712,0.00482712,0.00482712,0.00482712,0.00482712,0.00482712,6447.67,28309.6,25676.2,21834.1,16777.7,7659.5,6447.67,6447.67,6447.67,6447.67,42211.8,58504.7,55255.7,51536.2,46722.1,42290.1,42211.8,42211.8,42211.8,42211.8
2046,19204600,4409290,4451710,4488620,4501880,4471940,19204600,19204600,19204600,19204600,89351.3,145946,135629,122079,106871,92561,89351.3,89351.3,89351.3,89351.3,1099790,1806190,1669330,1513470,1327800,1127400,1099790,1099790,1099790,1099790,20562.7,28942.9,27213.3,25257.5,23035,20869.7,20562.7,20562.7,20562.7,20562.7,21140.7,29245.3,27817.5,26261.6,24081.2,21436.3,21140.7,21140.7,21140.7,21140.7,2313690,2287840,2246310,2226530,2238270,2296200,2313690,2313690,2313690,2313690,5474700,5510620,5397880,5335550,5338060,5438610,5474700,5474700,5474700,5474700,88915.2,88915.2,88915.2,88915.2,88915.2,88915.2,88915.2,88915.2,88915.2,88915.2,92042.6,133948,120564,102552,78778,62581.2,92042.6,92042.6,92042.6,92042.6,0.00462989,0.00462989,0.00462989,0.00462989,0.00462989,0.00462989,0.00462989,0.00462989,0.00462989,0.00462989,6067.64,27266.5,24871.1,21351,16864.5,9487.87,6067.64,6067.64,6067.64,6067.64,41703.4,58188.2,55030.8,51519.1,47116.2,42306,41703.4,41703.4,41703.4,41703.4
2047,19343400,4435810,4478100,4517160,4536650,4516520,19343400,19343400,19343400,19343400,86400.1,143707,133848,120906,106282,91917.7,86400.1,86400.1,86400.1,86400.1,1065960,1774970,1643370,1494810,1324180,1123260,1065960,1065960,1065960,1065960,20203.3,28675.5,27001.8,25135,23041.4,20856.1,20203.3,20203.3,20203.3,20203.3,20958.8,29152.8,27745.1,26261.8,24332.6,21621.5,20958.8,20958.8,20958.8,20958.8,2269030,2257160,2212020,2187210,2191360,2236880,2269030,2269030,2269030,2269030,5429530,5493060,5373570,5302090,5291010,5365180,5429530,5429530,5429530,5429530,85940.1,85940.1,85940.1,85940.1,85940.1,85940.1,85940.1,85940.1,85940.1,85940.1,88803.5,131835,119329,102662,80947.2,60366.2,88803.5,88803.5,88803.5,88803.5,0.00444287,0.00444287,0.00444287,0.00444287,0.00444287,0.00444287,0.00444287,0.00444287,0.00444287,0.00444287,5709.83,26258.6,24073.1,20843.3,16797.5,10755.7,5709.83,5709.83,5709.83,5709.83,41162.1,57828.3,54746.9,51396.8,47374,42477.6,41162.1,41162.1,41162.1,41162.1
2048,19478600,4462240,4504240,4544920,4569500,4559030,19478600,19478600,19478600,19478600,83558.8,141534,132084,119708,105639,91439,83558.8,83558.8,83558.8,83558.8,1032420,1743390,1616620,1474170,1316270,1127290,1032420,1032420,1032420,1032420,19830.1,28387,26762,24969.7,22997.6,20909.7,19830.1,19830.1,19830.1,19830.1,20758.9,29041.6,27649.2,26215.6,24490.1,21898.3,20758.9,20758.9,20758.9,20758.9,2222820,2225170,2176720,2147250,2144780,2179210,2222820,2222820,2222820,2222820,5379450,5470960,5345170,5265160,5242300,5294100,5379450,5379450,5379450,5379450,83083.6,83083.6,83083.6,83083.6,83083.6,83083.6,83083.6,83083.6,83083.6,83083.6,85699.4,129724,117999,102479,82686.3,60423.9,85699.4,85699.4,85699.4,85699.4,0.00426538,0.00426538,0.00426538,0.00426538,0.00426538,0.00426538,0.00426538,0.00426538,0.00426538,0.00426538,5374.15,25293.1,23291.2,20325.7,16633.4,11577.8,5374.15,5374.15,5374.15,5374.15,40589,57428.6,54411.2,51185.3,47487.7,42808,40589,40589,40589,40589
2049,19609900,4487770,4529350,4571170,4599910,4598300,19609900,19609900,19609900,19609900,80822.6,139434,130351,118495,104951,91054.6,80822.6,80822.6,80822.6,80822.6,999224,1711630,1589320,1452100,1304540,1125820,999224,999224,999224,999224,19443.7,28079.4,26497.5,24767.3,22903,20859.7,19443.7,19443.7,19443.7,19443.7,20541.2,28912.2,27531.7,26131.2,24561.9,22183.3,20541.2,20541.2,20541.2,20541.2,2175170,2191940,2140480,2106640,2098320,2122990,2175170,2175170,2175170,2175170,5324580,5444400,5312720,5224670,5191400,5224480,5324580,5324580,5324580,5324580,80338.5,80338.5,80338.5,80338.5,80338.5,80338.5,80338.5,80338.5,80338.5,80338.5,82723.5,127632,116605,102073,83969.9,61817.9,82723.5,82723.5,82723.5,82723.5,0.00409682,0.00409682,0.00409682,0.00409682,0.00409682,0.00409682,0.00409682,0.00409682,0.00409682,0.00409682,5060.45,24376,22533.4,19808.9,16411.6,12073.6,5060.45,5060.45,5060.45,5060.45,39984.9,56991.6,54029.2,50898.5,47464.9,43043,39984.9,39984.9,39984.9,39984.9
2050,19737600,4512380,4553440,4595990,4628130,4634310,4610360,19737600,19737600,19737600,78187,137406,128657,117276,104227,90708.8,79063.4,78187,78187,78187,966422,1679840,1561670,1429030,1289700,1124100,970148,966422,966422,966422,19045.1,27755,26211.5,24532.6,22761.1,20801.4,19069.7,19045.1,19045.1,19045.1,20305.8,28765.3,27394.2,26014.7,24560.3,22436.4,20349,20305.8,20305.8,20305.8,2126210,2157550,2103350,2065410,2051860,2068100,2126210,2126210,2126210,2126210,5265050,5413450,5276250,5180600,5137960,5155390,5265050,5265050,5265050,5265050,77698.3,77698.3,77698.3,77698.3,77698.3,77698.3,77698.3,77698.3,77698.3,77698.3,79869.1,125574,115172,101500,84834.1,63794.7,57506.7,79869.1,79869.1,79869.1,0.00393656,0.00393656,0.00393656,0.00393656,0.00393656,0.00393656,0.00393656,0.00393656,0.00393656,0.00393656,4768.33,23511.3,21805.8,19300.5,16158.5,12343.1,5655.61,4768.33,4768.33,4768.33,39350.9,56520.3,53605.7,50547.3,47321.4,43237.8,39418.7,39350.9,39350.9,39350.9
2051,19862000,4536170,4576710,4619660,4654580,4667400,4643310,19862000,19862000,19862000,75646.8,135453,127008,116057,103477,90359.2,78323.5,75646.8,75646.8,75646.8,934066,1648150,1533830,1405280,1272520,1120230,956374,934066,934066,934066,18634.9,27415.6,25906.5,24270.7,22577.1,20720.1,18895.7,18634.9,18634.9,18634.9,20053.1,28601.2,27237.6,25870.8,24497.6,22622.2,20313.9,20053.1,20053.1,20053.1,2076070,2122090,2065390,2023630,2005300,2014260,2061600,2076070,2076070,2076070,5200960,5378210,5235840,5133010,5081750,5085980,5170860,5200960,5200960,5200960,75157.2,75157.2,75157.2,75157.2,75157.2,75157.2,75157.2,75157.2,75157.2,75157.2,77129.3,123560,113718,100805,85343.9,65843.7,52797.5,77129.3,77129.3,77129.3,0.00378397,0.00378397,0.00378397,0.00378397,0.00378397,0.00378397,0.00378397,0.00378397,0.00378397,0.00378397,4496.88,22700.3,21112.4,18805.2,15890.6,12462.7,7010.98,4496.88,4496.88,4496.88,38688,56016.8,53144.1,50141.5,47074.7,43342.3,39209.6,38688,38688,38688
2052,19983600,4559270,4599370,4642480,4679630,4698020,4682220,19983600,19983600,19983600,73197.6,133573,125408,114848,102710,89986,77821.5,73197.6,73197.6,73197.6,902200,1616660,1505950,1381120,1253630,1113290,948684,902200,902200,902200,18214.1,27062.8,25585,23986,22356.6,20603.7,18767.9,18214.1,18214.1,18214.1,19783.3,28420.1,27062.5,25703,24384.9,22724.9,20367.3,19783.3,19783.3,19783.3,2024860,2085640,2026670,1981370,1958600,1961230,1998270,2024860,2024860,2024860,5132440,5338770,5191540,5081920,5022620,5015550,5078670,5132440,5132440,5132440,72709.4,72709.4,72709.4,72709.4,72709.4,72709.4,72709.4,72709.4,72709.4,72709.4,74497.7,121598,112258,100022,85569.8,67680.2,50889,74497.7,74497.7,74497.7,0.00363846,0.00363846,0.00363846,0.00363846,0.00363846,0.00363846,0.00363846,0.00363846,0.00363846,0.00363846,4245.05,21943.4,20456.1,18326.3,15618.5,12486.9,7976.26,4245.05,4245.05,4245.05,37997.4,55482.9,52647.5,49689,46741.5,43328.6,39135.2,37997.4,37997.4,37997.4
2053,20102600,4581880,4621580,4664670,4703580,4726630,4719080,20102600,20102600,20102600,70834.8,131766,123858,113654,101933,89584.2,77473.3,70834.8,70834.8,70834.8,870861,1585470,1478140,1356760,1233570,1103220,947876,870861,870861,870861,17783.5,26698.2,25249,23681.9,22104.7,20447.5,18697.3,17783.5,17783.5,17783.5,19496.7,28222.2,26869.6,25513.6,24231.1,22744.1,20497.8,19496.7,19496.7,19496.7,1972710,2048280,1987260,1938690,1911750,1908820,1936660,1972710,1972710,1972710,5059620,5295240,5143440,5027400,4960490,4943560,4988160,5059620,5059620,5059620,70349.8,70349.8,70349.8,70349.8,70349.8,70349.8,70349.8,70349.8,70349.8,70349.8,71968.3,119692,110803,99174.9,85574.4,69180.9,50909.1,71968.3,71968.3,71968.3,0.00349954,0.00349954,0.00349954,0.00349954,0.00349954,0.00349954,0.00349954,0.00349954,0.00349954,0.00349954,4012,21241.1,19839.3,17867,15349.4,12453.7,8632.46,4012,4012,4012,37280.2,54920.4,52118.6,49195.5,46335.8,43191.6,39195.1,37280.2,37280.2,37280.2
2054,20219000,4604090,4643380,4686320,4726570,4753510,4753630,20219000,20219000,20219000,68554.2,130027,122360,112482,101149,89156.7,77218.4,68554.2,68554.2,68554.2,840089,1554660,1450500,1332350,1212760,1090380,943335,840089,840089,840089,17344.1,26323.5,24900.6,23361.5,21826.5,20252.2,18540.5,17344.1,17344.1,17344.1,19193.8,28008,26659.5,25304.5,24043.1,22687.7,20631.1,19193.8,19193.8,19193.8,1919740,2010120,1947260,1895650,1864790,1856900,1876630,1919740,1919740,1919740,4982620,5247740,5091610,4969480,4895340,4869640,4898680,4982620,4982620,4982620,68073.7,68073.7,68073.7,68073.7,68073.7,68073.7,68073.7,68073.7,68073.7,68073.7,69535.5,117845,109362,98282.8,85409.6,70320.6,52067.6,69535.5,69535.5,69535.5,0.00336682,0.00336682,0.00336682,0.00336682,0.00336682,0.00336682,0.00336682,0.00336682,0.00336682,0.00336682,3796.67,20592.3,19263.2,17429.5,15087.3,12387.9,9063.45,3796.67,3796.67,3796.67,36537.9,54331.5,51560.1,48666,45869.6,42939.9,39171.6,36537.9,36537.9,36537.9
2055,20332700,4625880,4664690,4707360,4748600,4778800,4785760,4766390,20332700,20332700,66351.4,128356,120912,111336,100362,88708.5,77008.2,67092,66351.4,66351.4,809917,1524300,1423140,1308020,1191530,1075380,938877,812903,809917,809917,16896.8,25940,24541.5,23027.5,21526.2,20021.5,18378.9,16917.6,16896.8,16896.8,18875,27777.5,26432.8,25077,23826.5,22566.5,20733.3,18912.8,18875,18875,1866100,1971270,1906750,1852350,1817770,1805390,1818100,1866100,1866100,1866100,4901570,5196370,5036170,4908250,4827200,4793540,4809520,4901570,4901570,4901570,65876.2,65876.2,65876.2,65876.2,65876.2,65876.2,65876.2,65876.2,65876.2,65876.2,67194,116060,107943,97360,85116.8,71125.8,53728.5,48755.6,67194,67194,0.00323992,0.00323992,0.00323992,0.00323992,0.00323992,0.00323992,0.00323992,0.00323992,0.00323992,0.00323992,3597.75,19994.7,18727.2,17014.7,14834,12304.7,9338.45,4267.23,3597.75,3597.75,35771.8,53717.5,50974.3,48104.5,45352.7,42588,39112.2,35830.4,35771.8,35771.8
2056,20443300,4647160,4685350,4727710,4769630,4802580,4815460,4796230,20443300,20443300,64222.1,126746,119513,110217,99575,88244.8,76804.6,66491.3,64222.1,64222.1,780378,1494460,1396130,1283890,1170140,1058820,932946,798478,780378,780378,16442.8,25549.3,24173.5,22682.3,21208.4,19760.5,18200.5,16663.8,16442.8,16442.8,18540.9,27531.4,26190,24832.2,23585.8,22391.9,20774.7,18769.4,18540.9,18540.9,1811920,1931830,1865840,1808860,1770780,1754280,1760890,1799850,1811920,1811920,4816610,5141270,4977220,4843800,4756140,4715110,4720030,4791500,4816610,4816610,63753.1,63753.1,63753.1,63753.1,63753.1,63753.1,63753.1,63753.1,63753.1,63753.1,64938.8,114336,106550,96418.2,84729.5,71648,55461.3,44757.6,64938.8,64938.8,0.00311853,0.00311853,0.00311853,0.00311853,0.00311853,0.00311853,0.00311853,0.00311853,0.00311853,0.00311853,3414.03,19445.5,18230.3,16623.3,14590.3,12213.7,9509.97,5325.97,3414.03,3414.03,34983.7,53080.7,50363.5,47514.5,44794.2,42152.4,38975.2,35433.2,34983.7,34983.7
2057,20550600,4667800,4705160,4747240,4789610,4824840,4842780,4830720,20550600,20550600,62162.3,125194,118159,109127,98791.1,87769.8,76588.5,66099.5,62162.3,62162.3,751502,1465190,1369550,1260050,1148790,1041230,924813,789367,751502,751502,15983.3,25152.8,23798.3,22328.1,20876.9,19474.3,17996.4,16451.6,15983.3,15983.3,18192.2,27270,25931.8,24571.4,23324.3,22173.8,20742.6,18702.6,18192.2,18192.2,1757330,1891920,1824630,1765290,1723940,1703570,1704830,1735170,1757330,1757330,4727910,5082570,4914880,4776220,4682260,4634270,4629680,4683020,4727910,4727910,61700,61700,61700,61700,61700,61700,61700,61700,61700,61700,62765.2,112672,105189,95466.4,84272.8,71943.1,57025.6,43128.6,62765.2,62765.2,0.00300235,0.00300235,0.00300235,0.00300235,0.00300235,0.00300235,0.00300235,0.00300235,0.00300235,0.00300235,3244.22,18941.8,17771.1,16255.5,14356.4,12120,9615.05,6106.85,3244.22,3244.22,34175.5,52422.8,49730.1,46899.5,44201.2,41648.1,38739,35154.2,34175.5,34175.5
2058,20653900,4687610,4723950,4765760,4808400,4845500,4867750,4862890,20653900,20653900,60168.1,123695,116848,108064,98012.5,87285.8,76353,65844.1,60168.1,60168.1,723314,1436530,1343470,1236580,1127630,1023040,914421,786101,723314,723314,15519.5,24752,23417.6,21967,20535.1,19168,17763.8,16290.5,15519.5,15519.5,17829.6,26994,25659.1,24295.5,23044.7,21920.7,20637.7,18700.8,17829.6,17829.6,1702500,1851680,1783250,1721750,1677340,1653310,1649840,1672450,1702500,1702500,4635630,5020430,4849310,4705650,4605650,4551050,4538110,4575970,4635630,4635630,59713,59713,59713,59713,59713,59713,59713,59713,59713,59713,60668.6,111067,103860,94511.8,83764.5,72060.9,58316.6,43130.7,60668.6,60668.6,0.00289112,0.00289112,0.00289112,0.00289112,0.00289112,0.00289112,0.00289112,0.00289112,0.00289112,0.00289112,3086.86,18478.9,17346.7,15909.9,14131.3,12025.6,9677.98,6663.51,3086.86,3086.86,33349.1,51746,49076.7,46262.5,43579.8,41088.7,38401.5,34991.3,33349.1,33349.1
2059,20753000,4706380,4741590,4783070,4825830,4864450,4890380,4892280,20753000,20753000,58235.9,122243,115575,107027,97241.9,86794,76098,65672.6,58235.9,58235.9,695836,1408530,1317920,1213550,1106770,1004590,902085,780364,695836,695836,15052.7,24348.3,23033.1,21601,20185.8,18846.1,17504.3,16061.8,15052.7,15052.7,17454,26704.2,25372.7,24005.8,22749.3,21639.3,20467.9,18699.4,17454,17454,1647580,1811250,1741820,1678360,1631090,1603590,1595850,1611640,1647580,1647580,4539960,4955010,4780670,4632230,4526440,4465500,4445090,4469900,4539960,4539960,57788.2,57788.2,57788.2,57788.2,57788.2,57788.2,57788.2,57788.2,57788.2,57788.2,58644.9,109519,102566,93559.9,83217.7,72042.7,59312.6,44094,58644.9,58644.9,0.00278457,0.00278457,0.00278457,0.00278457,0.00278457,0.00278457,0.00278457,0.00278457,0.00278457,0.00278457,2940.54,18052.2,16953.7,15585.1,13914.2,11930.9,9714.13,7053.79,2940.54,2940.54,32506.7,51052.5,48405.8,45606.8,42935.1,40485.4,37972.2,34761.2,32506.7,32506.7
2060,20847200,4723910,4757920,4799000,4841740,4881550,4910640,4918650,4903070,20847200,56362.8,120834,114338,106014,96480.3,86295.1,75826.2,65542.6,56994.4,56362.8,669089,1381210,1292970,1191010,1086310,986139,888290,774949,671512,669089,14584.4,23943.3,22646.4,21231.9,19831.7,18512.8,17221.8,15834.2,14602.1,14584.4,17066.5,26401.4,25073.6,23703.5,22439.9,21335.1,20243.6,18670.1,17099.2,17066.5,1592720,1770750,1700470,1635230,1585310,1554500,1542870,1552720,1592720,1592720,4441120,4886520,4709140,4556140,4444800,4377740,4350500,4364330,4441120,4441120,55922.3,55922.3,55922.3,55922.3,55922.3,55922.3,55922.3,55922.3,55922.3,55922.3,56690.1,108024,101307,92615,82642.9,71921.3,60035.3,45481.7,41417.9,56690.1,0.00268249,0.00268249,0.00268249,0.00268249,0.00268249,0.00268249,0.00268249,0.00268249,0.00268249,0.00268249,2804.13,17657.9,16589.5,15279.7,13704.5,11835.6,9733.07,7326.3,3327.97,2804.13,31650.9,50344.7,47720,44935.4,42271.6,39847.9,37465.4,34504.3,31701.3,31650.9
2061,20936000,4740020,4772820,4813340,4855990,4896730,4928540,4941900,4926760,20936000,54546,119463,113132,105022,95728.3,85790.3,75540.7,65420.9,56486.8,54546,643091,1354600,1268640,1169010,1066310,967886,873531,768581,657887,643091,14116,23538.3,22259.2,20861.5,19475,18172.1,16921.2,15598.2,14302.8,14116,16667.9,26086.8,24763,23389.9,22118.5,21012.7,19975.5,18588.5,16865.9,16667.9,1538080,1730340,1659350,1592500,1540110,1506180,1490930,1495590,1527940,1538080,4339330,4815140,4634930,4477580,4360900,4287950,4254340,4258830,4318460,4339330,54112.7,54112.7,54112.7,54112.7,54112.7,54112.7,54112.7,54112.7,54112.7,54112.7,54800.7,106580,100082,91680.8,82048.1,71723.4,60527,46931.4,38032.7,54800.7,0.00258467,0.00258467,0.00258467,0.00258467,0.00258467,0.00258467,0.00258467,0.00258467,0.00258467,0.00258467,2676.59,17292.2,16251.4,14992.3,13501.8,11739.4,9740.39,7518.05,4182.67,2676.59,30783.9,49625.1,47022.2,44251.4,41593.5,39184.8,36896.7,34186.7,31168.7,30783.9
2062,21019200,4754600,4786170,4825930,4868480,4909930,4944050,4962060,4953220,21019200,52783.3,118126,111955,104050,94985.8,85280.8,75244.2,65290.6,56159.4,52783.3,617857,1328710,1244970,1147600,1046840,949979,858237,760672,648885,617857,13648.8,23134.7,21872.9,20491.5,19117.9,17827.5,16607.2,15347.3,14044.1,13648.8,16259.5,25761.3,24442,23066.3,21786.7,20675.9,19673.1,18445.2,16700.1,16259.5,1483830,1690140,1618570,1550280,1495620,1458730,1440070,1440150,1465190,1483830,4234860,4741120,4558270,4396760,4274940,4196320,4156660,4153080,4197560,4234860,52356.6,52356.6,52356.6,52356.6,52356.6,52356.6,52356.6,52356.6,52356.6,52356.6,52973.5,105184,98890.5,90759.7,81440,71468.9,60833.9,48242.1,36642.5,52973.5,0.00249089,0.00249089,0.00249089,0.00249089,0.00249089,0.00249089,0.00249089,0.00249089,0.00249089,0.00249089,2557,16951.5,15936.5,14721.4,13305.6,11641.4,9739,7655.28,4826.82,2557,29908.3,48896,46314.9,43557.8,40904.6,38503.4,36280.3,33792.5,30744.2,29908.3
2063,21096500,4767610,4797950,4836780,4879190,4921150,4957250,4979280,4976810,21096500,51072.8,116821,110804,103096,94252.7,84768.8,74938.7,65145.8,55951.3,51072.8,593397,1303570,1221980,1126810,1027940,932524,842753,751178,644871,593397,13184.2,22733.9,21489,20123.4,18762.2,17482,16284.4,15079.8,13833.7,13184.2,15842.7,25426.4,24112,22734.2,21446.3,20327.7,19344.6,18242.2,16591.1,15842.7,1430110,1650300,1578290,1508720,1451960,1412290,1390380,1386350,1404850,1430110,4127970,4664710,4479400,4313930,4187170,4103070,4057620,4046920,4078450,4127970,50652.1,50652.1,50652.1,50652.1,50652.1,50652.1,50652.1,50652.1,50652.1,50652.1,51205.6,103833,97732.4,89853.6,80823.8,71171.9,60997.4,49327.3,36622.7,51205.6,0.00240097,0.00240097,0.00240097,0.00240097,0.00240097,0.00240097,0.00240097,0.00240097,0.00240097,0.00240097,2444.54,16632.6,15642.4,14465.8,13115.6,11541.2,9730.29,7755.75,5297.59,2444.54,29026.9,48160.3,45601,42857.6,40208.5,37809.7,35629,33322,30424.8,29026.9
2064,21167700,4779040,4808170,4845950,4888150,4930460,4968220,4993750,4997300,21167700,49413,115545,109677,102159,93528.9,84256.5,74625.5,64986.6,55818.3,49413,569719,1279180,1199680,1106660,1009630,915594,827338,740357,639218,569719,12723.8,22337,21109,19758.8,18409.7,17138,15956.7,14797.7,13574.4,12723.8,15418.7,25083.4,23774.3,22395.2,21099.1,19971.1,18996.6,17987.6,16483.9,15418.7,1377080,1610960,1538620,1467930,1409240,1366950,1341940,1334190,1346880,1377080,4018990,4586180,4398620,4229380,4097860,4008470,3957420,3940310,3960900,4018990,48997.6,48997.6,48997.6,48997.6,48997.6,48997.6,48997.6,48997.6,48997.6,48997.6,49494.7,102523,96605.9,88963.8,80203.7,70843.1,61051.6,50170.3,37407.5,49494.7,0.00231473,0.00231473,0.00231473,0.00231473,0.00231473,0.00231473,0.00231473,0.00231473,0.00231473,0.00231473,2338.44,16332.2,15366.1,14223.7,12931,11438.2,9714.55,7830.82,5637.47,2338.44,28142.5,47420.4,44883.3,42154,39508.8,37109.1,34953.3,32785.3,30058.3,28142.5
2065,21232800,4788910,4816830,4853500,4895380,4937900,4977030,5005620,5014650,5002220,47802.8,114295,108573,101239,92814.2,83745.7,74305.8,64815.9,55725.3,48342.3,546825,1255520,1178070,1087150,991948,899240,812189,728597,634031,548811,12268.8,21945.4,20734.1,19399.2,18061.9,16797.9,15627.7,14504.5,13323.3,12283.9,14989.2,24733.9,23430.6,22050.8,20746.9,19608.3,18634.7,17691.5,16355.4,15017.3,1324880,1572230,1499690,1428030,1367570,1322840,1294860,1283670,1291280,1324880,3908260,4505840,4316220,4143410,4007310,3912790,3856320,3833300,3844660,3908260,20511.6,20511.6,20511.6,20511.6,20511.6,20511.6,20511.6,20511.6,20511.6,20511.6,47838.5,101252,95509.1,88090.5,79582.9,70490.5,61023.6,50790.5,38546.6,35164.6,0.0041005,0.0041005,0.0041005,0.0041005,0.0041005,0.0041005,0.0041005,0.0041005,0.0041005,0.0041005,2237.93,16046.7,15104.7,13993.1,12750.9,11331.9,9691.28,7887.32,5882.6,2656.71,27258,46679.3,44164.7,41450,38808.8,36406.2,34262.4,32196,29678.7,27301.2
2066,21291700,4797270,4824000,4859510,4900920,4943560,4983810,5015080,5028980,5017240,46241.5,113071,107491,100335,92109.1,83238.2,73981.6,64637.6,55644.9,47902.1,524715,1232610,1157160,1068300,974893,883491,797447,716289,628262,536888,11820.7,21560.1,20365.6,19045.8,17720.4,16463.4,15300.8,14204.5,13072.7,11978.6,14555.6,24379.4,23082.5,21702.8,20391.7,19241.9,18263.8,17364,16186.4,14725.1,1273650,1534250,1461620,1389130,1327070,1280050,1249240,1234840,1237980,1265070,3796120,4424020,4232530,4056340,3915840,3816360,3754630,3726050,3729540,3778860,23932.2,23932.2,23932.2,23932.2,23932.2,23932.2,23932.2,23932.2,23932.2,23932.2,46235.1,100017,94440.2,87233.8,78963.9,70120.2,60935.3,51223.7,39737.6,32303.1,0.00476998,0.00476998,0.00476998,0.00476998,0.00476998,0.00476998,0.00476998,0.00476998,0.00476998,0.00476998,2142.41,15773.3,14855.6,13772.3,12574.6,11222.1,9660.03,7929.33,6060.89,3350.43,26376.3,45939.5,43448.1,40748.6,38112.1,35705.3,33564.6,31568.5,29259.1,26703.7
2067,21344700,4804210,4829760,4864100,4904850,4947540,4988710,5022330,5040510,5034330,44728.7,111871,106430,99447.2,91414.4,82735.7,73655.2,64454.9,55563.8,47620.5,503384,1210410,1136940,1050100,958472,868366,783206,703766,621424,528937,11380.6,21182.2,20004.7,18699.9,17386.3,16136.3,14978.7,13901.6,12817.2,11714.1,14119.8,24021.7,22731.7,21352.8,20035.2,18874,17887.7,17014.1,15970.2,14495.4,1223510,1497120,1424510,1351340,1287820,1238670,1205180,1187720,1186880,1207750,3682960,4341040,4147900,3968520,3823790,3719510,3652670,3618790,3615440,3652140,27488.7,27488.7,27488.7,27488.7,27488.7,27488.7,27488.7,27488.7,27488.7,27488.7,44682.8,98814.4,93397.6,86393.6,78348.7,69737.4,60802.8,51508.7,40814.8,31112.9,0.00546026,0.00546026,0.00546026,0.00546026,0.00546026,0.00546026,0.00546026,0.00546026,0.00546026,0.00546026,2051.42,15509.8,14616.6,13560.1,12401.6,11108.8,9620.66,7959.38,6192.63,3877.48,25500.4,45203.9,42736.4,40052.7,37421.5,35010.3,32866.4,30915.7,28787.4,26209.5
2068,21391900,4809850,4834240,4867400,4907340,4950020,4991900,5027570,5049510,5048980,43264,110696,105391,98576.5,90731,82239.7,73329.4,64270.8,55477.9,47447.7,482826,1188930,1117380,1032550,942681,853869,769526,691288,613475,525210,10949.7,20812.6,19652.3,18362.6,17060.9,15817.8,14663.7,13599.6,12555.9,11496.8,13683.3,23662.3,22379.7,21002.5,19679.2,18506.6,17509.9,16649.6,15709.9,14318.5,1174580,1460940,1388470,1314740,1249930,1198800,1162770,1142380,1137960,1153220,3569150,4257240,4062660,3880300,3731510,3622570,3550770,3511780,3502360,3528270,30603.9,30603.9,30603.9,30603.9,30603.9,30603.9,30603.9,30603.9,30603.9,30603.9,43180.5,97642.7,92379.5,85569.7,77738.9,69346.1,60637.7,51680,41708.3,31068.3,0.0060614,0.0060614,0.0060614,0.0060614,0.0060614,0.0060614,0.0060614,0.0060614,0.0060614,0.0060614,1964.62,15254.4,14386.2,13355.3,12231.9,10992.6,9573.24,7978.89,6291.82,4265.4,24633,44474.9,42032,39365.1,36740.1,34324.4,32173.6,30249.2,28265.8,25815.3
2069,21433700,4814340,4837590,4869560,4908580,4951150,4993590,5031020,5056300,5061120,41847.1,109546,104374,97723.3,90060,81751.5,73007,64087.4,55388.5,47347.3,463029,1168130,1098490,1015630,927511,840000,756442,679050,604615,520355,10529.1,20452,19309.3,18034.9,16745.2,15509.3,14357.7,13301.5,12290.1,11247,13247.8,23302.8,22028.3,20653.5,19325.5,18141.9,17133,16276.6,15413.3,14148.5,1126970,1425800,1353570,1279430,1213470,1160510,1122070,1098880,1091160,1101450,3455100,4172980,3977170,3792030,3639350,3525910,3449270,3405320,3390390,3407180,33166.7,33166.7,33166.7,33166.7,33166.7,33166.7,33166.7,33166.7,33166.7,33166.7,41727,96499.6,91384.8,84761.8,77135.8,68949.8,60448.9,51766.3,42406,31695,0.00655324,0.00655324,0.00655324,0.00655324,0.00655324,0.00655324,0.00655324,0.00655324,0.00655324,0.00655324,1881.68,15005.6,14162.7,13157,12065.1,10873.7,9518.03,7988.61,6367.77,4547.29,23776.9,43754.8,41337.6,38688.4,36070.7,33651.2,31490.7,29578.1,27703.4,25395.5
2070,21470300,4817820,4839960,4870750,4908780,4951120,4993960,5032910,5061140,5070890,40476.6,108419,103378,96887.5,89401.4,81271.7,72689.4,63905.5,55297.9,47289.6,443982,1148000,1080230,999320,912952,826752,743973,667190,595152,516010,10119.8,20101.3,18976.5,17717.5,16440.1,15211.6,14062.2,13009.8,12022.8,11011.2,12814.7,22944.8,21678.9,20307.5,18975.7,17781.4,16759.6,15900.2,15089.5,13966.5,1080770,1391780,1319900,1245470,1178500,1123850,1083140,1057250,1046480,1052390,3341160,4088580,3891760,3704040,3547660,3429850,3348510,3299720,3279680,3288760,35172.3,35172.3,35172.3,35172.3,35172.3,35172.3,35172.3,35172.3,35172.3,35172.3,40321.2,95383.4,90412,83969.3,76540.3,68551.2,60243,51790.2,42925.4,32618.1,0.00693611,0.00693611,0.00693611,0.00693611,0.00693611,0.00693611,0.00693611,0.00693611,0.00693611,0.00693611,1802.31,14761.9,13944.8,12964,11901.1,10752.5,9455.44,7988.9,6426.46,4751.9,22934.5,43046.1,40655.4,38025,35415.8,32993,30821.8,28910,27112.3,24977.7
